CASE_ID,PARTY_NUMBER,PARTY_TYPE,AT_FAULT,PARTY_SEX,PARTY_AGE,PARTY_SOBRIETY,PARTY_DRUG_PHYSICAL,DIR_OF_TRAVEL,PARTY_SAFETY_EQUIP_1,PARTY_SAFETY_EQUIP_2,FINAN_RESPONS,SP_INFO_1,SP_INFO_2,SP_INFO_3,OAF_VIOLATION_CODE,OAF_VIOL_CAT,OAF_VIOL_SECTION,OAF_VIOLATION_SUFFIX,OAF_1,OAF_2,PARTY_NUMBER_KILLED,PARTY_NUMBER_INJURED,MOVE_PRE_ACC,VEHICLE_YEAR,VEHICLE_MAKE,STWD_VEHICLE_TYPE,CHP_VEH_TYPE_TOWING,CHP_VEH_TYPE_TOWED,RACE,INATTENTION,SPECIAL_INFO_F,SPECIAL_INFO_G,ACCIDENT_YEAR
8513132,1,2,N,F,6,A,-,-,-,-,O,-,3,-,-,"- ",,,-,-,0,1,R,,-,N,60,,O,,-,-,2017
8513132,2,1,Y,M,67,A,-,W,M,E,,-,3,-,-,"- ",,,N,-,0,0,B,1992,FORD,A,08,,W,,-,-,2017
8513390,1,1,Y,F,24,A,-,E,M,G,Y,-,3,-,-,"- ",,,N,-,0,0,E,2015,TOYOTA,A,01,,H,,-,-,2017
8513390,2,2,N,F,55,A,-,-,-,-,O,-,3,-,-,"- ",,,N,-,0,1,B,,-,N,60,,,,-,-,2017
8527596,1,1,Y,M,26,A,-,N,M,P,N,-,3,-,-,"- ",,,F,-,0,0,O,2013,NISSAN,A,01,,B,K,-,-,2017
8527596,2,4,N,F,47,A,-,N,-,-,O,-,3,-,-,"- ",,,N,-,0,1,-,,-,L,04,,W,,-,-,2017
8527935,1,2,Y,M,3,-,-,-,-,-,O,-,-,-,-,"- ",,,-,-,0,1,-,,-,N,60,,,,-,-,2017
8527935,2,1,N,M,59,A,-,S,M,G,Y,-,3,-,-,"- ",,,N,-,0,0,B,2014,HYUNDAI,A,01,,,,-,-,2017
8527943,1,2,Y,M,9,H,H,N,-,-,O,-,-,-,-,"- ",,,-,-,0,1,-,,-,N,60,,W,,-,-,2017
8527943,2,1,N,F,39,A,-,W,M,G,Y,-,3,-,-,"- ",,,E,-,0,0,B,2013,TOYOTA,A,01,,W,,-,-,2017
8527943,3,2,N,F,45,-,,W,-,-,O,-,-,-,-,"- ",,,-,-,0,0,-,,-,N,60,,W,,-,-,2017
8527951,1,1,Y,F,17,A,-,W,M,G,Y,-,3,-,-,"- ",,,E,-,0,0,B,2015,TOYOTA,A,01,,W,,-,-,2017
8527951,2,2,N,F,46,A,-,N,-,-,O,-,3,-,-,"- ",,,N,-,0,1,-,,-,N,60,,A,,-,-,2017
8529491,1,1,Y,M,39,A,-,E,M,G,Y,-,3,-,-,"- ",,,N,-,0,0,E,2016,TOYOTA,A,01,,W,,-,-,2017
8529491,2,2,N,M,84,A,-,N,-,-,O,-,3,-,-,"- ",,,N,-,0,1,-,,-,N,60,,,,-,-,2017
8529495,1,1,Y,F,53,A,-,S,M,G,Y,-,3,-,-,"- ",,,E,-,0,0,B,2013,TOYOTA,A,01,,A,,-,-,2017
8529495,2,2,N,F,36,A,-,E,-,-,O,-,3,-,-,"- ",,,N,-,0,1,-,,-,N,60,,A,,-,-,2017
8529764,1,4,Y,M,32,A,-,-,-,-,O,-,3,-,-,"- ",,,N,-,0,1,-,,-,L,04,,O,,-,-,2017
8529764,2,1,N,M,51,A,-,N,M,G,Y,-,3,-,-,"- ",,,-,-,0,0,E,2013,DODGE,A,08,,O,,-,-,2017
8529767,1,2,Y,M,23,A,-,N,-,-,O,-,3,-,-,"- ",,,N,-,0,1,-,,-,N,60,,,,-,-,2017
8529767,2,1,N,F,34,A,-,E,M,E,N,-,1,-,,00,23123,A,A,-,0,0,B,2006,NISSAN,A,01,,B,,-,-,2017
8529776,1,1,N,M,40,A,-,W,M,G,Y,-,3,-,-,"- ",,,-,-,0,0,G,2004,MERCEDES-BENZ,A,01,,O,,-,-,2017
8529776,2,2,N,M,62,A,-,-,-,-,O,-,-,-,-,"- ",,,-,-,0,1,-,,-,N,60,,B,,-,-,2017
8529780,1,4,Y,M,23,A,-,W,-,-,O,-,3,-,-,"- ",,,N,-,0,1,B,,-,L,04,,W,,-,-,2017
8529780,2,1,N,F,32,A,-,W,M,G,Y,-,3,-,-,"- ",,,N,-,0,0,D,2012,AUDI,A,07,,B,,-,-,2017
8529788,1,1,Y,F,59,A,-,S,M,G,Y,-,3,-,-,"- ",,,N,-,0,0,E,2008,TOYOTA,A,01,,W,,-,-,2017
8529788,2,2,N,F,47,G,G,W,-,-,O,-,3,-,-,"- ",,,N,-,0,1,-,,-,N,60,,A,,-,-,2017
8529795,1,4,Y,M,26,A,-,E,-,-,O,-,3,-,-,"- ",,,N,-,0,1,B,,-,L,04,,A,,-,-,2017
8529795,2,1,N,M,44,A,-,E,M,G,Y,-,3,-,-,"- ",,,N,-,0,0,D,,-,-,,,H,,-,-,2017
8529803,1,1,Y,F,59,A,-,W,M,G,Y,-,3,-,-,"- ",,,E,-,0,0,-,2001,FORD,A,01,,B,,-,-,2017
8529803,2,2,N,F,50,A,-,E,-,-,O,-,3,-,-,"- ",,,N,-,0,1,-,,-,N,60,,W,,-,-,2017
8529827,1,1,N,F,41,A,-,N,M,G,Y,-,3,-,-,"- ",,,N,-,0,0,B,2017,HONDA,A,01,,W,,-,-,2017
8529827,2,2,Y,M,5,A,-,-,-,-,O,-,3,-,,00,21956,B,A,-,0,1,-,,-,N,60,,,,-,-,2017
8529831,1,4,Y,M,43,D,-,E,-,-,O,-,3,-,,31,22107,,A,N,0,1,B,,-,L,04,,W,,-,-,2017
8529831,2,3,N,-,998,H,H,-,-,-,O,-,-,-,-,"- ",,,-,-,0,0,O,2013,TOYOTA,A,01,,,,-,-,2017
8535601,1,2,Y,F,9,A,-,-,-,-,O,-,3,-,-,"- ",,,F,-,0,1,L,,-,N,60,,B,-,-,-,2017
8535601,2,1,N,F,34,A,-,W,M,G,Y,-,3,-,-,"- ",,,N,-,0,0,B,2010,TOYOTA,A,01,,H,,-,-,2017
8535613,1,1,Y,M,998,G,G,W,-,-,,-,3,-,-,"- ",,,N,-,0,0,A,,-,-,99,,B,,-,-,2017
8535613,2,2,N,F,19,A,-,N,-,-,O,-,3,-,-,"- ",,,N,-,0,1,B,,-,N,60,,A,,-,-,2017
8535617,1,4,Y,M,26,G,G,E,-,-,O,-,3,-,-,"- ",,,N,-,0,1,B,,-,L,04,,H,,-,-,2017
8535617,2,1,N,F,53,A,-,S,M,B,Y,-,3,-,-,"- ",,,N,-,0,0,B,2000,SUZUKI,A,07,,A,,-,-,2017
8535633,1,1,Y,M,79,G,G,W,M,Q,Y,-,3,-,-,"- ",,,N,-,0,0,D,2008,JEEP,A,07,,W,,-,-,2017
8535633,2,4,N,M,60,G,G,W,-,-,O,-,3,-,-,"- ",,,N,-,0,1,B,,-,L,04,,A,,-,-,2017
8535641,1,1,Y,F,65,A,-,N,M,G,Y,-,3,-,-,"- ",,,N,-,0,0,G,2006,LEXUS,A,01,,O,,-,-,2017
8535641,2,2,N,M,56,A,-,-,-,-,O,-,3,-,-,"- ",,,N,-,0,1,O,,-,N,60,,W,,-,-,2017
8535657,1,1,Y,M,75,G,G,N,B,-,,-,3,-,-,"- ",,,N,-,0,0,E,1993,TOYOTA,A,01,,W,,-,-,2017
8535657,2,2,N,M,21,A,-,-,-,-,O,-,3,-,-,"- ",,,N,-,0,1,B,,-,N,60,,W,,-,-,2017
8535661,1,1,N,M,61,A,-,N,M,G,Y,-,3,-,-,"- ",,,N,-,0,0,B,2001,VOLKSWAGEN,A,01,,B,,-,-,2017
8535661,2,4,Y,M,41,A,-,W,-,-,O,-,3,-,-,"- ",,,N,-,0,1,E,,-,L,04,,B,,-,-,2017
8535665,1,1,N,-,998,G,G,-,-,-,N,-,-,-,-,"- ",,,-,-,0,0,-,,-,-,,,,,-,-,2017
8535665,2,4,N,M,26,A,-,W,-,-,O,-,3,-,-,"- ",,,N,-,0,1,R,,-,L,04,,W,,-,-,2017
8538881,1,4,Y,F,21,A,-,-,-,-,O,-,3,-,,35,21950,B,A,-,0,1,B,,-,L,04,,A,,-,-,2017
8538881,2,1,N,M,71,A,-,W,M,G,Y,-,3,-,-,"- ",,,-,-,0,0,D,2005,NISSAN,A,01,,W,,-,-,2017
8538885,1,1,N,F,33,A,-,W,M,G,Y,-,3,-,-,"- ",,,-,-,0,0,B,2010,HONDA,A,01,,O,,-,-,2017
8538885,2,4,Y,M,13,A,-,N,-,-,O,-,3,-,-,"- ",,,-,-,0,1,L,,-,L,04,,B,,-,-,2017
8538893,1,4,Y,M,13,A,-,S,-,-,O,-,3,-,-,"- ",,,N,-,0,1,B,,-,L,04,,H,,-,-,2017
8538893,2,1,N,M,53,A,-,S,M,G,Y,-,3,-,-,"- ",,,N,-,0,0,A,2014,MAZDA,A,01,,W,,-,-,2017
8538897,1,1,Y,F,72,A,-,E,M,G,Y,-,3,-,-,"- ",,,E,-,0,0,B,2017,HYUNDAI,A,01,,B,,-,-,2017
8538897,2,2,N,M,53,A,-,N,-,-,O,-,3,-,-,"- ",,,N,-,0,1,A,,-,N,60,,W,,-,-,2017
8538905,1,1,Y,F,20,A,-,W,M,G,Y,-,3,-,-,"- ",,,E,-,0,0,K,2007,HONDA,A,01,,W,,-,-,2017
8538905,2,4,N,M,26,A,-,W,-,-,O,-,3,-,-,"- ",,,N,-,0,1,B,,-,L,04,,A,,-,-,2017
8538909,1,4,Y,M,14,A,-,E,-,-,O,-,3,-,-,"- ",,,-,-,0,1,B,,-,L,04,,W,,-,-,2017
8538909,2,1,N,F,48,A,-,S,M,G,Y,-,3,-,-,"- ",,,-,-,0,0,I,2006,BMW,A,01,,W,,-,-,2017
8539464,1,1,Y,M,62,A,-,S,M,G,Y,-,3,-,,34,21950,A,A,-,0,0,B,2002,GMC,D,22,,B,,-,-,2017
8539464,2,2,N,F,33,A,-,-,-,-,O,-,3,-,-,"- ",,,N,-,0,1,B,,-,N,60,,B,,-,-,2017
8539515,1,1,Y,M,65,A,-,N,M,G,Y,-,3,-,,25,22350,,A,-,0,0,D,2007,TOYOTA,D,22,,A,,-,-,2017
8539515,2,2,N,M,35,A,-,-,-,-,O,-,3,-,-,"- ",,,N,-,0,1,A,,-,N,60,,H,,-,-,2017
8539687,1,1,N,-,998,G,G,S,-,-,,-,-,-,-,"- ",,,N,-,0,0,B,,TOYOTA,-,,,,,-,-,2017
8539687,2,4,Y,F,23,A,-,W,-,-,O,-,3,-,-,"- ",,,N,-,0,1,B,,-,L,04,,A,,-,-,2017
8539691,1,1,Y,M,43,A,-,W,M,G,Y,-,3,-,-,"- ",,,E,-,0,0,A,2010,TOYOTA,A,01,,H,,-,-,2017
8539691,2,4,N,M,29,A,-,W,-,-,O,-,3,-,-,"- ",,,E,-,0,1,B,,-,L,04,,A,,-,-,2017
8539699,1,1,Y,F,32,A,-,S,M,G,Y,-,3,-,,33,21801,A,A,-,0,0,E,2015,HYUNDAI,A,01,,B,,-,-,2017
8539699,2,4,N,M,24,A,-,E,-,-,O,-,3,-,-,"- ",,,M,-,0,1,R,,-,L,04,,W,,-,-,2017
8540922,1,4,Y,M,39,C,-,S,-,-,O,-,3,-,,28,21658,A,A,-,0,1,I,,-,L,04,,B,,-,-,2017
8540922,2,1,N,M,23,A,-,E,M,G,Y,-,3,-,-,"- ",,,N,-,0,0,E,2005,TOYOTA,A,01,,A,,-,-,2017
8542784,1,1,Y,M,43,A,-,E,M,G,Y,-,3,-,,31,22107,,A,-,0,0,D,2009,VOLVO,E,23,36,H,,-,-,2017
8542784,2,4,N,F,24,A,-,N,-,-,O,-,3,-,-,"- ",,,N,-,0,1,A,,-,L,04,,W,,-,-,2017
8543059,1,1,Y,F,69,A,-,E,M,G,Y,-,3,-,,34,21950,A,A,-,0,0,B,2009,SCION,A,01,,W,,-,-,2017
8543059,2,2,N,F,77,A,-,-,-,-,O,-,3,-,-,"- ",,,N,-,0,1,B,,-,N,60,,A,,-,-,2017
8543063,1,4,Y,F,47,A,-,N,-,-,O,-,3,-,-,"- ",,,-,-,0,1,L,,-,L,04,,W,,-,-,2017
8543063,2,1,N,M,86,-,-,E,M,G,Y,-,3,-,-,"- ",,,-,-,0,0,-,2007,BUICK,A,01,,B,,-,-,2017
8543067,1,1,Y,F,70,A,-,W,M,B,Y,-,3,-,-,"- ",,,-,-,0,0,E,2012,HONDA,A,07,,W,,-,-,2017
8543067,2,2,N,F,39,A,-,-,-,-,O,-,3,-,-,"- ",,,-,-,0,1,B,,-,N,60,,W,,-,-,2017
8543067,3,2,N,M,2,-,-,-,-,-,O,-,3,-,-,"- ",,,-,-,0,0,-,,-,N,60,,O,,-,-,2017
8543083,1,1,Y,M,70,A,-,W,M,G,Y,-,3,-,-,"- ",,,-,-,0,0,B,2014,FORD,A,01,,W,,-,-,2017
8543083,2,4,N,M,85,A,-,-,-,-,O,-,3,-,-,"- ",,,N,-,0,1,B,,-,L,04,,B,,-,-,2017
8543091,1,1,Y,M,35,A,-,W,M,G,Y,-,3,-,-,"- ",,,N,-,0,0,B,2006,NISSAN,-,,,W,,-,-,2017
8543091,2,2,N,F,19,A,-,-,-,-,O,-,3,-,-,"- ",,,N,-,0,1,B,,-,N,60,,A,,-,-,2017
8543095,1,1,Y,M,22,A,-,W,M,G,,-,3,-,-,"- ",,,-,-,0,0,D,2008,TOYOTA,A,01,,W,,-,-,2017
8543095,2,2,N,M,46,A,-,-,-,-,O,-,3,-,-,"- ",,,-,-,0,1,B,,-,N,60,,A,,-,-,2017
8543099,1,1,Y,F,29,A,-,S,M,G,,-,3,-,,34,21950,A,A,-,0,0,F,2011,VOLKSWAGEN,A,01,,B,,-,-,2017
8543099,2,2,N,M,55,A,-,-,-,-,O,-,3,-,-,"- ",,,-,-,0,1,B,,-,N,60,,B,,-,-,2017
8543107,1,1,Y,F,33,A,-,W,M,B,Y,-,3,-,-,"- ",,,E,-,0,1,E,2016,TOYOTA,A,07,,H,,-,-,2017
8543107,2,4,N,-,998,-,,-,-,-,O,-,-,-,-,"- ",,,-,-,0,0,-,,-,L,04,,,,-,-,2017
8543119,1,1,Y,F,51,A,-,E,M,G,,-,3,-,-,"- ",,,E,-,0,0,B,1998,HONDA,A,01,,W,,-,-,2017
8543119,2,4,N,M,57,A,-,E,-,-,O,-,3,-,-,"- ",,,N,-,0,1,B,,-,L,04,,W,,-,-,2017
8543285,1,2,Y,M,16,-,E,S,-,-,O,-,3,-,-,"- ",,,N,-,0,1,R,,-,N,60,,W,,-,-,2017
8543285,2,1,N,M,41,A,-,W,M,H,,-,3,-,-,"- ",,,-,-,0,0,B,2002,MERCEDES-BENZ,A,01,,A,,-,-,2017
8543326,1,1,Y,M,998,G,G,W,-,-,,-,-,-,-,"- ",,,N,-,0,0,B,,HONDA,-,,,H,,-,-,2017
8543326,2,4,N,M,43,A,-,W,-,-,O,-,3,-,-,"- ",,,N,-,0,1,B,,-,L,04,,O,,-,-,2017
8544672,1,1,N,M,60,A,-,N,M,G,,-,3,-,-,"- ",,,N,-,0,0,B,2010,TOYOTA,A,01,,W,,-,-,2017
8544672,2,4,N,M,70,A,-,N,-,-,O,-,3,-,-,"- ",,,N,-,0,1,B,,-,L,04,,W,,-,-,2017
8544692,1,1,Y,F,34,A,-,W,M,G,Y,-,3,-,-,"- ",,,E,-,0,0,A,2017,CHEVROLET,A,01,,A,,-,-,2017
8544692,2,2,N,F,21,A,-,-,-,-,O,-,3,-,-,"- ",,,N,-,0,1,B,,-,N,60,,A,,-,-,2017
8544716,1,4,N,M,34,A,-,W,-,-,O,-,3,-,-,"- ",,,-,-,0,1,B,,-,L,04,,W,,-,-,2017
8544716,2,1,N,F,24,A,-,S,M,G,Y,-,3,-,-,"- ",,,-,-,0,0,B,2010,BMW,A,01,,A,,-,-,2017
8545576,1,1,Y,F,50,A,-,S,M,G,Y,-,3,-,-,"- ",,,N,-,0,0,A,2005,CHRYSLER,A,01,,B,,-,-,2017
8545576,2,4,N,M,26,A,-,S,-,-,O,-,3,-,-,"- ",,,N,-,0,1,B,,-,L,04,,H,,-,-,2017
8546056,1,4,Y,M,22,A,-,W,-,-,O,-,3,-,,31,22107,,A,-,0,1,E,,-,L,04,,O,,-,-,2017
8546056,2,1,N,F,80,A,-,E,M,G,Y,-,3,-,-,"- ",,,-,-,0,0,B,2013,LEXUS,A,07,,W,,-,-,2017
8551850,1,1,Y,M,28,D,-,N,N,G,,-,3,-,-,"- ",,,A,-,0,0,B,1984,TOYOTA,D,22,,W,,-,-,2017
8551850,2,2,N,F,30,-,F,-,-,-,O,-,3,-,-,"- ",,,M,-,0,1,R,,-,N,60,,B,,-,-,2017
8551862,1,1,Y,M,49,A,-,W,M,G,Y,-,3,-,-,"- ",,,E,-,0,0,E,1993,DODGE,D,22,,W,,-,-,2017
8551862,2,2,N,F,35,A,-,-,-,-,O,-,3,-,-,"- ",,,N,-,0,1,B,,-,N,60,,W,,-,-,2017
8552263,1,1,Y,M,48,A,-,S,M,G,Y,-,3,-,-,"- ",,,N,-,0,0,A,2017,CHEVROLET,A,08,,H,,-,-,2017
8552263,2,2,N,F,55,A,-,-,-,-,O,-,3,-,-,"- ",,,N,-,0,1,B,,-,N,60,,B,,-,-,2017
8552267,1,1,Y,-,998,G,G,W,-,-,,-,-,-,-,"- ",,,N,-,0,0,R,,-,-,,,,,-,-,2017
8552267,2,2,N,F,64,A,-,-,-,-,O,-,3,-,-,"- ",,,N,-,0,1,B,,-,N,60,,A,,-,-,2017
8552279,1,1,Y,M,998,G,G,N,-,-,,-,3,-,-,"- ",,,-,-,0,0,E,,TOYOTA,-,,,W,,-,-,2017
8552279,2,2,N,M,46,A,-,-,-,-,O,-,3,-,-,"- ",,,-,-,0,1,-,,-,N,60,,W,,-,-,2017
8552291,1,2,N,F,34,A,-,N,-,-,O,-,3,-,-,"- ",,,N,-,0,1,B,,-,N,60,,B,,-,-,2017
8552291,2,1,Y,F,998,G,G,E,-,-,,-,3,-,-,"- ",,,N,-,0,0,E,,-,-,,,W,,-,-,2017
8552299,1,1,Y,M,27,A,-,N,M,C,Y,-,3,-,-,"- ",,,N,-,0,0,E,2013,NISSAN,A,01,,A,,-,-,2017
8552299,2,4,N,M,25,A,-,W,-,-,O,-,3,-,-,"- ",,,N,-,0,1,B,,-,L,04,,W,,-,-,2017
8552319,1,1,Y,M,66,A,-,W,M,G,Y,-,3,-,-,"- ",,,-,-,0,0,B,2001,FORD,A,01,,H,,-,-,2017
8552319,2,2,N,F,31,A,-,-,-,-,O,-,3,-,-,"- ",,,-,-,0,1,B,,-,N,60,,W,,-,-,2017
8552658,1,1,Y,M,60,A,-,-,M,G,N,-,3,-,,44,21461,A,A,-,0,0,E,2002,GRUMMAN,I,11,,O,,-,-,2017
8552658,2,2,N,F,24,A,-,-,-,-,O,-,3,-,-,"- ",,,N,-,0,1,B,,-,N,60,,A,,-,-,2017
8553724,1,1,Y,M,58,A,-,E,M,G,Y,-,3,-,-,"- ",,,A,-,0,0,G,2015,TOYOTA,A,01,,W,,-,-,2017
8553724,2,2,N,F,49,A,-,-,-,-,O,-,3,-,-,"- ",,,-,-,0,1,R,,-,N,60,,H,,-,-,2017
8554028,1,1,Y,M,998,G,G,-,-,-,,-,-,-,,31,22107,,A,-,0,0,D,,-,-,,,B,,-,-,2017
8554028,2,4,N,M,30,A,-,W,-,-,O,-,3,-,-,"- ",,,N,-,0,1,B,,-,L,04,,W,,-,-,2017
8556643,1,1,N,M,24,A,-,N,M,G,Y,-,3,-,-,"- ",,,N,-,0,0,B,1995,CHEVROLET,A,01,,B,,-,-,2017
8556643,2,2,N,F,63,A,-,-,-,-,O,-,3,-,-,"- ",,,N,-,0,1,R,,-,N,60,,W,,-,-,2017
8556647,1,1,Y,M,65,A,-,S,M,C,N,-,3,-,-,"- ",,,N,-,0,0,B,2017,FORD,A,01,,W,,-,-,2017
8556647,2,2,N,F,19,A,-,-,-,-,O,-,3,-,-,"- ",,,N,-,0,1,R,,-,N,60,,A,,-,-,2017
8556651,1,4,Y,M,23,A,-,W,-,-,O,-,3,-,-,"- ",,,N,-,0,1,B,,-,L,04,,O,,-,-,2017
8556651,2,1,N,M,66,A,-,N,M,G,Y,-,3,-,-,"- ",,,N,-,0,0,B,2001,TOYOTA,A,07,,W,,-,-,2017
8556655,1,1,Y,M,89,A,-,W,M,G,Y,-,3,-,-,"- ",,,M,-,0,0,B,2011,TOYOTA,A,01,,W,,-,-,2017
8556655,2,4,N,F,59,A,-,E,-,-,O,-,3,-,-,"- ",,,-,-,0,1,B,,-,L,04,,W,,-,-,2017
8556718,1,2,Y,M,20,A,-,N,P,B,O,-,3,-,-,"- ",,,-,-,0,1,B,,-,N,60,,O,,-,-,2017
8556718,2,1,N,M,54,A,-,E,M,C,Y,-,3,-,-,"- ",,,-,-,0,0,E,2017,FORD,A,01,,W,,-,-,2017
8557309,1,1,Y,M,72,A,-,S,M,G,Y,-,3,-,-,"- ",,,F,-,0,0,E,1994,JEEP,A,01,,B,-,-,-,2017
8557309,2,2,N,F,46,A,-,-,-,-,O,-,3,-,-,"- ",,,-,-,0,1,B,,-,N,60,,H,,-,-,2017
8557313,1,1,Y,M,46,A,-,N,M,G,,-,3,-,-,"- ",,,N,-,0,0,B,2017,AUDI,A,01,,B,,-,-,2017
8557313,2,2,N,M,67,B,-,-,-,-,O,-,3,-,-,"- ",,,N,-,0,1,B,,-,N,60,,B,,-,-,2017
8557317,1,1,Y,-,998,G,G,-,-,-,,-,3,-,-,"- ",,,A,-,0,0,E,,-,-,,,,,-,-,2017
8557317,2,4,N,F,14,A,-,W,-,-,O,-,3,-,-,"- ",,,N,-,0,1,B,,-,L,04,,W,,-,-,2017
8557317,3,5,N,-,998,H,H,-,-,-,O,-,-,-,-,"- ",,,-,-,0,0,-,,-,-,,,,,-,-,2017
8557325,1,1,N,M,60,A,-,S,M,G,Y,-,3,-,-,"- ",,,-,-,0,0,D,2006,DODGE,A,01,,W,,-,-,2017
8557325,2,4,N,F,31,A,-,S,-,-,O,-,3,-,-,"- ",,,-,-,0,1,B,,-,L,04,,W,,-,-,2017
8557337,1,1,Y,F,81,A,-,W,M,G,,-,3,-,-,"- ",,,N,-,0,0,B,2011,TOYOTA,A,07,,W,,-,-,2017
8557337,2,2,N,F,16,H,H,-,-,-,O,-,3,-,-,"- ",,,N,-,0,1,R,,-,N,60,,W,,-,-,2017
8557349,1,4,N,M,23,A,-,-,-,-,O,-,3,-,-,"- ",,,N,-,0,1,B,,-,L,04,,A,,-,-,2017
8557349,2,1,Y,-,998,-,,-,-,-,,-,-,-,-,"- ",,,-,-,0,0,-,,-,-,,,,,-,-,2017
8574650,1,1,Y,-,998,G,G,S,-,-,,-,-,-,-,"- ",,,N,-,0,0,B,,-,A,01,,,,-,-,2017
8574650,2,4,N,M,29,A,-,W,-,-,O,-,3,-,-,"- ",,,N,-,0,1,B,,-,L,04,,W,,-,-,2017
8574718,1,4,Y,M,27,A,-,-,-,-,O,-,3,-,-,"- ",,,A,-,0,1,B,,-,L,04,,A,,-,-,2018
8574718,2,1,N,M,52,A,-,W,M,B,Y,-,3,-,-,"- ",,,-,-,0,0,B,2013,LEXUS,A,01,,B,,-,-,2018
8574803,1,1,Y,M,61,A,-,W,M,G,Y,-,3,-,-,"- ",,,N,-,0,0,E,2005,DODGE,D,22,,H,,-,-,2018
8574803,2,2,N,F,24,A,-,-,-,-,O,-,3,-,-,"- ",,,N,-,0,1,B,,-,N,60,,W,,-,-,2018
8595449,1,1,Y,F,22,A,-,W,M,G,Y,-,3,-,-,"- ",,,N,-,0,0,A,2015,HONDA,A,01,,A,,-,-,2018
8595449,2,2,N,M,25,A,-,W,-,-,O,-,3,-,-,"- ",,,N,-,0,1,A,,-,N,60,,H,,-,-,2018
8595473,1,4,Y,M,35,A,-,N,P,X,O,-,3,-,-,"- ",,,N,-,0,1,B,,-,L,04,,W,,-,-,2018
8595473,2,1,N,F,75,A,-,S,M,G,Y,-,3,-,-,"- ",,,N,-,0,0,E,1994,HONDA,A,01,,B,,-,-,2018
8595485,1,1,Y,M,70,C,-,S,M,G,Y,-,3,-,-,"- ",,,N,-,0,0,E,2001,NISSAN,A,08,,W,,-,-,2018
8595485,2,4,N,F,32,A,-,E,-,-,O,-,3,-,-,"- ",,,-,-,0,1,B,,-,L,04,,W,,-,-,2018
8595489,1,4,N,M,33,A,-,-,P,-,O,-,3,-,-,"- ",,,N,-,0,1,B,,-,L,04,,H,,-,-,2018
8595489,2,1,Y,M,73,H,H,N,M,P,Y,-,3,-,,47,22517,,A,-,0,0,O,2013,SUBARU,A,01,,W,,-,-,2018
8595493,1,1,Y,F,70,A,-,E,M,G,Y,-,3,-,-,"- ",,,N,-,0,0,B,2002,HONDA,A,01,,W,,-,-,2018
8595493,2,2,N,F,998,A,-,-,-,-,O,-,3,-,-,"- ",,,N,-,0,1,R,,-,N,60,,W,,-,-,2018
8595497,1,1,Y,F,70,A,-,W,M,G,Y,-,3,-,-,"- ",,,-,-,0,0,E,2013,NISSAN,A,01,,B,,-,-,2018
8595497,2,4,N,M,61,A,-,N,-,-,O,-,3,-,-,"- ",,,-,-,0,1,B,,-,L,04,,B,,-,-,2018
8595505,1,2,N,M,21,H,H,-,-,-,O,-,3,-,-,"- ",,,-,-,0,1,B,,-,N,60,,W,,-,-,2018
8595505,2,1,N,-,998,G,G,S,-,-,N,-,-,-,-,"- ",,,-,-,0,0,D,,TOYOTA,A,01,,,,-,-,2018
8595513,1,4,Y,F,23,A,-,S,-,-,O,-,3,-,-,"- ",,,N,-,0,1,E,,-,L,04,,W,,-,-,2018
8595513,2,1,N,M,65,A,-,W,M,G,Y,-,3,-,-,"- ",,,N,-,0,0,B,1987,VOLVO,A,01,,W,,-,-,2018
8595517,1,1,Y,M,69,A,-,S,M,G,Y,-,3,-,,34,21950,A,A,-,0,0,E,2007,AUDI,A,01,,O,,-,-,2018
8595517,2,2,N,M,70,A,-,E,-,-,O,-,3,-,-,"- ",,,-,-,0,1,B,,-,N,60,,W,,-,-,2018
8597391,1,1,Y,M,998,G,G,E,-,-,,-,-,-,-,"- ",,,N,-,0,0,F,,CHEVROLET,I,11,,O,,-,-,2018
8597391,2,2,N,M,998,A,-,-,-,-,O,-,3,-,-,"- ",,,N,-,0,1,R,,-,N,60,,O,,-,-,2018
8597407,1,1,Y,M,32,A,-,W,M,G,Y,-,3,-,-,"- ",,,N,-,0,0,B,2018,DODGE,D,22,,O,,-,-,2018
8597407,2,2,N,F,26,A,-,-,-,-,O,-,3,-,-,"- ",,,N,-,0,1,B,,-,N,60,,H,,-,-,2018
8597747,1,2,Y,M,52,D,-,-,-,-,O,-,3,-,-,"- ",,,N,-,0,1,L,,-,N,60,,H,,-,-,2018
8597747,2,1,N,F,73,A,-,N,M,G,Y,-,3,-,-,"- ",,,N,-,0,0,B,2007,HONDA,A,01,,H,,-,-,2018