CASE_ID,PARTY_NUMBER,PARTY_TYPE,AT_FAULT,PARTY_SEX,PARTY_AGE,PARTY_SOBRIETY,PARTY_DRUG_PHYSICAL,DIR_OF_TRAVEL,PARTY_SAFETY_EQUIP_1,PARTY_SAFETY_EQUIP_2,FINAN_RESPONS,SP_INFO_1,SP_INFO_2,SP_INFO_3,OAF_VIOLATION_CODE,OAF_VIOL_CAT,OAF_VIOL_SECTION,OAF_VIOLATION_SUFFIX,OAF_1,OAF_2,PARTY_NUMBER_KILLED,PARTY_NUMBER_INJURED,MOVE_PRE_ACC,VEHICLE_YEAR,VEHICLE_MAKE,STWD_VEHICLE_TYPE,CHP_VEH_TYPE_TOWING,CHP_VEH_TYPE_TOWED,RACE,INATTENTION,SPECIAL_INFO_F,SPECIAL_INFO_G,ACCIDENT_YEAR
9546095,1,4,Y,M,30,A,-,W,-,-,O,-,3,-,-,"- ",,,N,-,0,1,B,,-,L,04,,A,,-,-,2022
9546095,2,1,N,M,75,A,-,N,M,G,Y,-,3,-,-,"- ",,,N,-,0,0,L,2013,-,A,01,,W,,-,-,2022
9546158,1,1,Y,M,24,A,-,E,M,G,Y,-,2,-,,34,21950,A,A,-,0,0,E,2021,-,A,01,,H,,-,-,2022
9546158,2,2,N,F,57,A,-,-,-,-,O,-,3,-,-,"- ",,,N,-,0,1,B,,-,N,60,,W,,-,-,2022
9546240,1,1,Y,-,998,-,-,-,-,-,,-,-,-,-,"- ",,,-,-,0,0,-,,-,D,22,,,,-,-,2022
9546240,2,2,N,M,58,A,-,-,-,-,O,-,3,-,-,"- ",,,-,-,0,1,B,,-,N,60,,B,,-,-,2022
9546904,1,1,Y,F,998,G,G,S,-,-,,-,-,-,-,"- ",,,N,-,0,0,E,,-,A,01,,,,-,-,2023
9546904,2,4,N,M,16,A,-,E,-,-,,-,3,-,-,"- ",,,N,-,0,1,B,,-,L,04,,O,,-,-,2023
9546906,1,1,Y,M,17,A,-,W,M,G,Y,-,3,-,-,"- ",,,N,-,0,0,B,2016,-,A,01,,O,,-,-,2023
9546906,2,2,N,M,28,A,-,N,-,-,O,-,3,-,-,"- ",,,N,-,0,1,B,,-,N,60,,H,,-,-,2023
9546907,1,1,Y,-,998,G,G,N,-,-,,-,3,-,,25,22350,,A,-,0,0,B,2009,FORD,A,01,,,,-,-,2023
9546907,2,2,N,M,57,A,-,N,-,-,O,-,3,-,-,"- ",,,-,-,0,1,R,,-,N,60,,O,,-,-,2023
9546907,3,2,N,M,41,A,-,-,-,-,O,-,3,-,-,"- ",,,-,-,0,1,R,,-,N,60,,H,,-,-,2023
9546908,1,1,Y,F,24,A,-,E,M,G,,-,3,-,-,"- ",,,-,-,0,0,B,2013,-,A,01,,O,,-,-,2023
9546908,2,2,N,M,28,A,-,-,-,-,O,-,3,-,-,"- ",,,-,-,0,1,B,,-,N,60,,B,,-,-,2023
9546910,1,1,Y,F,39,A,-,W,M,G,,-,3,-,-,"- ",,,-,-,0,0,B,2006,-,A,01,,O,,-,-,2023
9546910,2,2,N,F,20,A,-,S,-,-,O,-,3,-,-,"- ",,,N,-,0,1,B,,-,N,60,,O,,-,-,2023
9546911,1,1,Y,-,998,G,G,N,-,-,,-,3,-,-,"- ",,,-,-,0,0,E,2018,-,A,01,,,,-,-,2023
9546911,2,2,N,M,20,A,-,-,-,-,O,-,3,-,-,"- ",,,-,-,0,1,B,,-,N,60,,O,,-,-,2023
9546920,1,4,Y,F,15,G,G,S,-,-,,-,3,-,-,"- ",,,N,-,0,1,E,,-,L,04,,W,,-,-,2023
9546920,2,1,N,-,998,G,G,W,-,-,,-,-,-,-,"- ",,,-,-,0,0,B,,-,A,01,,,,-,-,2023
9546924,1,1,Y,F,41,A,-,S,M,P,Y,-,3,-,-,"- ",,,-,-,0,0,O,2019,-,A,01,,W,,-,-,2023
9546924,2,4,N,M,20,A,-,S,-,-,,-,3,-,-,"- ",,,-,-,0,1,B,,-,L,04,,W,,-,-,2023
9546926,1,1,Y,M,998,G,G,W,-,-,,-,3,-,-,"- ",,,N,-,0,0,E,2023,-,A,01,,O,,-,-,2023
9546926,2,4,N,M,44,A,-,S,-,-,,-,3,-,-,"- ",,,N,-,0,1,B,,-,L,04,,B,,-,-,2023
9546929,1,5,Y,-,998,A,-,N,-,-,O,-,3,-,-,"- ",,,N,-,0,0,O,2004,-,A,01,,,,-,-,2023
9546929,2,4,N,M,57,A,-,N,-,-,,-,3,-,-,"- ",,,N,-,0,1,B,,-,L,04,,O,,-,-,2023
9546931,1,1,Y,M,19,A,-,S,M,G,Y,-,3,-,-,"- ",,,N,-,0,0,E,2015,-,A,01,,H,,-,-,2023
9546931,2,2,N,F,58,A,-,S,-,-,O,-,3,-,-,"- ",,,N,-,0,1,B,,-,N,60,,W,,-,-,2023
9546932,1,1,Y,M,61,A,-,N,M,G,Y,-,3,-,-,"- ",,,E,-,0,0,E,2013,FORD,A,08,,W,,-,-,2023
9546932,2,2,N,F,26,A,-,W,-,-,O,-,3,-,-,"- ",,,F,-,0,1,R,,-,N,60,,B,-,-,-,2023
9546935,1,1,Y,M,38,A,-,N,M,G,Y,-,3,-,,34,21950,A,A,-,0,0,E,2017,-,A,01,,O,,-,-,2023
9546935,2,2,N,F,54,A,-,-,-,-,O,-,3,-,-,"- ",,,N,-,0,1,B,,-,N,60,,W,,-,-,2023
9555026,1,1,Y,F,31,A,-,W,M,G,Y,-,3,-,,34,21950,A,A,-,0,0,B,2016,-,D,22,,H,,-,-,2023
9555026,2,2,N,M,23,A,-,-,-,-,O,-,3,-,-,"- ",,,N,-,0,1,R,,-,N,60,,W,,-,-,2023
9555086,1,4,Y,M,33,A,-,E,-,-,N,-,3,-,,39,21201,D,A,-,0,1,B,,-,L,04,,A,,-,-,2022
9555086,2,1,N,M,75,A,-,-,M,G,Y,-,3,-,-,"- ",,,-,-,0,0,B,2002,-,A,01,,A,,-,-,2022
9555114,1,1,Y,F,53,A,-,W,M,G,Y,-,3,-,-,"- ",,,N,-,0,0,E,2012,-,A,01,,,,-,-,2023
9555114,2,2,N,M,70,A,-,E,-,-,O,-,3,-,-,"- ",,,N,-,0,1,-,,-,N,60,,B,,-,-,2023
9557878,1,5,Y,-,998,A,-,W,-,-,O,-,3,-,-,"- ",,,-,-,0,0,R,2016,FORD,D,22,,,,-,-,2023
9557878,2,4,N,F,27,A,-,W,-,-,O,-,3,-,-,"- ",,,-,-,0,1,B,,-,L,04,,W,,-,-,2023
9558762,1,4,Y,M,54,-,-,-,-,-,,-,3,-,,29,21750,,A,-,0,1,B,,-,L,04,,B,,-,-,2023
9558762,2,1,N,M,56,A,-,-,M,G,Y,-,3,-,-,"- ",,,F,-,0,0,E,2019,-,A,01,,A,-,-,-,2023
9559713,1,1,Y,M,42,A,-,E,M,G,Y,-,3,-,-,"- ",,,N,-,0,0,B,2005,-,A,01,,W,,-,-,2023
9559713,2,2,N,M,16,A,-,N,-,-,O,-,3,-,-,"- ",,,N,-,0,1,-,,-,N,60,,W,,-,-,2023
9561675,1,1,Y,F,998,G,G,S,-,-,,-,3,-,-,"- ",,,-,-,0,0,E,,-,A,07,,W,,-,-,2023
9561675,2,2,N,-,31,G,G,-,-,-,O,-,3,-,-,"- ",,,-,-,0,1,B,,-,N,60,,W,,-,-,2023
9561679,1,3,Y,-,998,A,-,S,-,-,O,-,3,-,-,"- ",,,N,-,0,0,O,2021,-,A,08,,,,-,-,2023
9561679,2,4,N,F,61,A,-,S,-,-,,-,3,-,-,"- ",,,N,-,0,1,B,,-,L,04,,W,,-,-,2023
9561680,1,4,Y,M,54,A,-,N,-,-,,-,3,-,-,"- ",,,-,-,0,1,B,,-,L,04,,B,,-,-,2023
9561680,2,1,N,M,69,A,-,E,M,G,Y,-,3,-,-,"- ",,,-,-,0,0,B,2010,-,A,01,,A,,-,-,2023
9561681,1,1,Y,M,74,A,-,N,M,G,Y,-,3,-,-,"- ",,,-,-,0,0,B,2020,-,A,01,,B,,-,-,2023
9561681,2,2,N,M,28,A,-,-,-,-,O,-,3,-,-,"- ",,,N,-,0,1,R,,-,N,60,,O,,-,-,2023
9561682,1,2,Y,F,18,D,-,-,-,-,O,-,3,-,-,"- ",,,F,M,0,1,B,,-,N,60,,O,-,-,-,2023
9561682,2,1,N,M,19,G,G,W,P,W,,-,3,-,-,"- ",,,-,-,0,1,B,2013,-,C,02,,W,,-,-,2023
9561682,3,3,N,-,998,H,H,W,-,-,O,-,3,-,-,"- ",,,N,-,0,0,O,2016,-,A,01,,,,-,-,2023
9561683,1,1,Y,-,998,G,G,W,-,-,N,-,3,-,,47,22517,,A,-,0,0,N,,-,A,01,,,,-,-,2023
9561683,2,4,N,F,42,A,-,E,-,-,,-,3,-,-,"- ",,,N,-,0,1,A,,-,L,04,,A,,-,-,2023
9561686,1,4,Y,M,14,A,-,N,-,-,,-,3,-,-,"- ",,,-,-,0,1,B,,-,L,04,,W,,-,-,2023
9561686,2,1,N,F,38,A,-,E,M,G,Y,-,3,-,-,"- ",,,N,-,0,0,B,2017,-,A,07,,H,,-,-,2023
9561687,1,1,Y,-,998,G,G,S,-,-,N,-,3,-,-,"- ",,,H,-,0,0,B,,-,A,07,,,,-,-,2023
9561687,2,2,N,M,25,A,-,-,-,-,O,-,3,-,-,"- ",,,N,-,0,1,B,,-,N,60,,B,,-,-,2023
9561714,1,1,Y,M,33,G,G,E,B,-,,-,3,-,-,"- ",,,-,-,0,0,B,2009,-,A,01,,H,,-,-,2023
9561714,2,2,N,F,64,A,-,-,-,-,O,-,3,-,-,"- ",,,-,-,0,1,B,,-,N,60,,W,,-,-,2023
9561717,1,1,Y,F,31,A,-,S,M,C,Y,-,3,-,-,"- ",,,N,-,0,0,E,2011,-,A,01,,W,,-,-,2023
9561717,2,4,N,F,24,A,-,-,-,-,,-,3,-,-,"- ",,,N,-,0,1,B,,-,L,04,,A,,-,-,2023
9564620,1,1,Y,M,19,A,-,N,M,G,Y,-,3,-,-,"- ",,,N,-,0,0,B,2009,FORD,A,07,,H,,-,-,2023
9564620,2,4,N,M,15,A,-,E,-,-,,-,3,-,-,"- ",,,N,-,0,1,E,,-,L,04,,W,,-,-,2023
9568159,1,1,Y,M,60,A,-,W,M,G,Y,-,3,-,,25,22350,,A,-,0,0,E,2019,-,A,01,,B,,-,-,2023
9568159,2,4,N,F,71,A,-,E,-,-,O,-,3,-,-,"- ",,,F,-,0,1,B,,-,L,04,,W,-,-,-,2023
9568909,1,1,Y,F,37,A,-,N,M,G,Y,-,3,-,-,"- ",,,K,-,0,0,B,2004,-,A,01,,H,,-,-,2023
9568909,2,2,N,M,53,A,-,-,-,-,O,-,3,-,-,"- ",,,N,-,0,1,-,,-,N,60,,W,,-,-,2023
9574168,1,1,Y,M,27,G,G,S,B,-,Y,-,3,-,-,"- ",,,N,-,0,0,G,2013,FORD,F,26,,B,,-,-,2023
9574168,2,2,N,F,81,G,G,-,-,-,O,-,3,-,-,"- ",,,N,-,0,1,B,,-,N,60,,W,,-,-,2023
9574180,1,2,Y,M,34,G,G,-,-,-,O,-,1,-,,35,21954,A,A,F,0,1,B,,-,N,60,,B,-,-,-,2023
9574180,2,1,N,M,47,A,-,S,P,G,Y,-,3,-,-,"- ",,,N,-,0,0,B,2013,FORD,D,22,,B,,-,-,2023
9574208,1,1,Y,M,22,A,-,E,M,G,Y,-,3,-,-,"- ",,,-,-,0,0,D,2017,-,A,01,,A,,-,-,2023
9574208,2,2,N,F,18,A,-,-,-,-,O,-,3,-,-,"- ",,,-,-,0,1,B,,-,N,60,,A,,-,-,2023
9574239,1,4,Y,F,25,A,-,E,-,-,,-,3,-,-,"- ",,,-,-,0,1,B,,-,L,04,,H,,-,-,2023
9574239,2,1,N,M,38,A,-,S,M,G,Y,-,3,-,-,"- ",,,-,-,0,0,B,2023,-,E,22,95,H,,-,-,2023
9574241,1,2,Y,M,46,A,-,-,-,-,O,-,3,-,-,"- ",,,N,-,0,1,R,,-,N,60,,W,,-,-,2023
9574241,2,1,N,F,31,A,-,W,M,G,Y,-,3,-,,34,21950,A,A,-,0,0,D,2021,-,A,01,,H,,-,-,2023
9574243,1,1,Y,M,47,A,-,W,M,G,Y,-,3,-,-,"- ",,,N,-,0,0,D,2012,-,A,01,,O,,-,-,2023
9574243,2,2,N,M,75,A,-,-,-,-,O,-,3,-,-,"- ",,,N,-,0,1,B,,-,N,60,,A,,-,-,2023
9574244,1,1,Y,F,48,A,-,N,M,G,Y,-,3,-,,31,22107,,A,-,0,0,E,2015,-,A,01,,A,,-,-,2023
9574244,2,2,N,F,25,A,-,-,-,-,O,-,3,-,-,"- ",,,N,-,0,1,B,,-,N,60,,A,,-,-,2023
9574248,1,4,Y,M,21,A,-,S,-,-,,-,3,-,,24,22450,A,A,-,0,1,B,,-,L,04,,W,,-,-,2023
9574248,2,1,N,F,62,A,-,E,M,G,Y,-,3,-,,33,21802,A,A,-,0,0,B,2011,-,A,01,,A,,-,-,2023
9574251,1,1,Y,F,43,A,-,N,M,G,Y,-,3,-,-,"- ",,,N,-,0,0,E,2019,-,A,01,,O,,-,-,2023
9574251,2,2,N,F,50,A,-,-,-,-,O,-,3,-,-,"- ",,,N,-,0,1,B,,-,N,60,,W,,-,-,2023
9574252,1,1,Y,M,54,A,-,E,M,G,Y,-,3,-,-,"- ",,,-,-,0,0,E,2016,-,A,01,,W,,-,-,2023
9574252,2,2,N,F,57,-,-,-,-,-,O,-,-,-,-,"- ",,,-,-,0,1,-,,-,N,60,,H,,-,-,2023
9574254,1,1,Y,-,998,A,-,W,-,-,,-,3,-,-,"- ",,,N,-,0,0,B,2013,-,A,01,,,,-,-,2023
9574254,2,4,N,M,24,A,-,-,-,-,,-,3,-,-,"- ",,,N,-,0,1,B,,-,L,04,,W,,-,-,2023
9574257,1,1,Y,M,22,G,G,N,M,B,Y,-,3,-,-,"- ",,,N,-,0,0,D,2014,-,A,01,,H,,-,-,2023
9574257,2,2,N,M,23,G,G,-,-,-,O,-,3,-,-,"- ",,,N,-,0,1,R,,-,N,60,,A,,-,-,2023
9574260,1,5,Y,-,998,H,H,W,-,-,O,-,3,-,-,"- ",,,N,-,0,0,O,2018,-,A,01,,,,-,-,2023
9574260,2,4,N,M,23,A,-,W,-,-,,-,3,-,-,"- ",,,N,-,0,1,B,,-,L,04,,A,,-,-,2023
9575241,1,2,Y,M,14,A,-,W,-,-,O,-,3,-,,35,21954,A,A,F,0,1,-,,-,N,60,,A,K,-,-,2023
9575241,2,1,N,-,998,H,H,-,-,-,,-,-,-,-,"- ",,,-,-,0,0,B,,-,A,01,,,,-,-,2023
9579496,1,4,Y,-,998,A,-,-,-,-,,-,3,-,-,"- ",,,N,-,0,1,I,,-,L,04,,,,-,-,2023
9579496,2,1,N,M,66,A,-,S,M,G,Y,-,3,-,-,"- ",,,N,-,0,0,D,2010,-,I,11,,W,,-,-,2023
9583886,1,2,Y,M,998,G,G,-,-,-,O,-,3,-,-,"- ",,,N,-,0,1,R,,-,N,60,,H,,-,-,2023
9583886,2,1,N,M,53,A,-,N,M,G,,-,3,-,-,"- ",,,N,-,0,0,B,2016,-,I,11,,B,,-,-,2023
9584286,1,1,Y,M,68,A,-,S,B,G,Y,-,3,-,-,"- ",,,N,-,0,0,D,1990,-,A,01,,B,,-,-,2023
9584286,2,2,N,M,14,H,H,W,-,-,O,-,-,-,,35,21456,A,A,-,0,1,-,,-,N,60,,H,,-,-,2023
9585030,1,2,Y,M,29,A,-,-,-,-,O,-,3,-,,35,21955,,A,-,0,1,R,,-,N,60,,W,,-,-,2023
9585030,2,1,N,F,34,A,-,W,M,G,Y,-,3,-,-,"- ",,,-,-,0,0,H,2004,-,D,22,,H,,-,-,2023
9585204,1,1,Y,-,998,G,G,W,-,-,,-,3,-,-,"- ",,,N,-,0,0,H,2016,-,A,01,,,,-,-,2023
9585204,2,4,N,M,42,A,-,W,-,-,,-,3,-,-,"- ",,,N,-,0,1,B,,-,L,04,,W,,-,-,2023
9585205,1,1,Y,M,66,A,-,S,M,G,Y,-,3,-,-,"- ",,,N,-,0,0,B,2017,-,A,01,,B,,-,-,2023
9585205,2,2,N,F,19,A,-,-,-,-,O,-,2,-,-,"- ",,,-,-,0,1,B,,-,N,60,,W,,-,-,2023
9585206,1,1,Y,M,20,A,-,N,M,G,Y,-,3,-,-,"- ",,,F,-,0,0,B,1998,-,A,01,,W,-,-,-,2023
9585206,2,2,N,F,19,A,-,W,-,-,O,-,1,-,-,"- ",,,F,-,0,1,B,,-,N,60,,H,-,-,-,2023
9585208,1,1,Y,F,20,A,-,S,M,G,,-,3,-,-,"- ",,,N,-,0,0,K,2022,-,A,01,,O,,-,-,2023
9585208,2,4,N,M,20,A,-,-,-,-,,-,3,-,-,"- ",,,N,-,0,1,B,,-,L,04,,W,,-,-,2023
9585212,1,1,Y,M,47,A,-,E,M,G,Y,-,3,-,-,"- ",,,N,-,0,0,B,2021,-,A,07,,H,,-,-,2023
9585212,2,2,N,F,33,H,H,-,-,-,O,-,3,-,-,"- ",,,N,-,0,1,B,,-,N,60,,A,,-,-,2023
9585215,1,1,Y,M,19,A,-,W,M,G,Y,-,3,-,,34,21950,A,A,-,0,0,B,2017,-,A,01,,B,,-,-,2023
9585215,2,2,N,F,42,H,H,-,-,-,O,-,3,-,-,"- ",,,N,-,0,1,B,,-,N,60,,A,,-,-,2023
9585216,1,1,Y,M,36,A,-,N,M,G,Y,-,3,-,,34,21950,A,A,-,0,0,E,2023,-,A,01,,A,,-,-,2023
9585216,2,2,N,F,22,B,-,-,-,-,O,-,3,-,-,"- ",,,N,-,0,1,R,,-,N,60,,W,,-,-,2023
9585218,1,1,Y,F,32,A,-,E,M,G,Y,-,3,-,-,"- ",,,-,-,0,0,E,2000,-,A,01,,B,,-,-,2023
9585218,2,4,N,M,28,A,-,W,-,-,,-,3,-,-,"- ",,,-,-,0,1,B,,-,L,04,,W,,-,-,2023
9585226,1,1,Y,F,19,A,-,S,M,G,Y,-,3,-,-,"- ",,,-,-,0,0,E,2023,-,A,01,,H,,-,-,2023
9585226,2,2,N,M,60,A,-,-,-,-,O,-,3,-,-,"- ",,,-,-,0,1,B,,-,N,60,,W,,-,-,2023
9585228,1,2,Y,M,22,D,-,-,-,-,O,-,3,-,-,"- ",,,A,-,0,1,R,,-,N,60,,A,,-,-,2023
9585228,2,1,N,F,25,A,-,N,M,G,,-,3,-,-,"- ",,,N,-,0,0,B,2011,-,A,01,,H,,-,-,2023
9585679,1,1,Y,-,998,G,G,E,-,-,,-,-,-,,31,22107,,A,-,0,0,D,,-,A,01,,,,-,-,2023
9585679,2,2,N,F,17,A,-,-,-,-,O,-,3,-,-,"- ",,,N,-,0,1,R,,-,N,60,,W,,-,-,2023
9585924,1,1,Y,M,998,D,-,-,-,-,,-,3,-,,28,21658,A,A,-,0,0,B,,-,-,,,B,,-,-,2023
9585924,2,4,N,M,37,A,-,N,-,-,N,-,3,-,-,"- ",,,N,-,0,1,B,,-,L,04,,W,,-,-,2023
9594779,1,1,Y,-,998,D,-,W,-,-,,-,3,-,-,"- ",,,-,-,0,0,B,,-,A,07,,,,-,-,2023
9594779,2,2,N,F,32,G,G,-,-,-,O,-,3,-,-,"- ",,,-,-,0,1,B,,-,N,60,,H,,-,-,2023
9594782,1,4,Y,M,71,A,-,S,-,-,,-,3,-,,27,21650,,A,-,0,1,Q,,-,L,04,,W,,-,-,2023
9594782,2,1,N,M,18,A,-,S,M,C,Y,-,3,-,-,"- ",,,N,-,0,0,F,2020,-,A,01,,O,,-,-,2023
9594790,1,1,Y,M,55,A,-,E,M,G,Y,-,3,-,-,"- ",,,-,-,0,0,E,2023,-,A,07,,O,,-,-,2023
9594790,2,4,N,F,40,A,-,-,-,-,,-,3,-,-,"- ",,,-,-,0,1,B,,-,L,04,,A,,-,-,2023
9594796,1,1,Y,F,55,A,-,E,M,P,Y,-,3,-,-,"- ",,,N,-,0,0,O,2014,FORD,A,01,,W,,-,-,2023
9594796,2,4,N,F,23,A,-,E,-,-,,-,3,-,-,"- ",,,N,-,0,1,B,,-,L,04,,W,,-,-,2023
9594800,1,1,Y,M,20,A,-,-,M,C,Y,-,3,-,,34,21950,A,A,-,0,0,D,2023,-,A,01,,A,,-,-,2023
9594800,2,2,N,F,23,H,H,-,-,-,O,-,3,-,-,"- ",,,N,-,0,1,R,,-,N,60,,A,,-,-,2023
9594800,3,2,N,-,998,H,H,-,-,-,O,-,3,-,-,"- ",,,N,-,0,0,R,,-,N,60,,,,-,-,2023
9596127,1,4,Y,F,53,A,-,-,-,-,,-,3,-,-,"- ",,,N,-,0,1,B,,-,L,04,,W,,-,-,2023
9596127,2,1,N,M,18,A,-,S,M,B,,-,3,-,-,"- ",,,N,-,0,0,B,2006,-,A,01,,O,,-,-,2023
9599933,1,2,Y,M,38,A,-,-,-,-,O,-,3,-,,23,21453,A,A,-,0,1,B,,-,N,60,,W,,-,-,2023
9599933,2,1,N,F,49,A,-,S,M,G,Y,-,3,-,-,"- ",,,-,-,0,0,B,2012,-,A,07,,H,,-,-,2023
9599950,1,1,Y,F,40,A,-,S,M,G,Y,-,3,-,-,"- ",,,N,-,0,0,E,2017,-,A,01,,H,,-,-,2023
9599950,2,2,N,M,33,A,-,-,-,-,O,-,3,-,-,"- ",,,N,-,0,1,R,,-,N,60,,W,,-,-,2023
9599953,1,1,Y,M,42,A,-,W,M,G,Y,-,3,-,-,"- ",,,N,-,0,0,G,2008,-,A,01,,H,,-,-,2023
9599953,2,2,N,F,78,A,-,-,-,-,O,-,3,-,-,"- ",,,N,-,0,1,B,,-,N,60,,W,,-,-,2023
9599986,1,1,Y,F,998,G,G,-,-,-,,-,3,-,,19,20001,A,A,-,0,0,B,,-,A,01,,B,,-,-,2023
9599986,2,4,N,F,31,A,-,N,-,-,,-,3,-,-,"- ",,,-,-,0,1,B,,-,L,04,,A,,-,-,2023
9599987,1,1,Y,F,45,A,-,S,M,G,Y,-,3,-,-,"- ",,,-,-,0,0,B,2007,-,A,01,,H,,-,-,2023
9599987,2,2,N,M,58,H,H,-,-,-,O,-,3,-,-,"- ",,,-,-,0,1,R,,-,N,60,,H,,-,-,2023
9599987,3,3,N,-,998,H,H,S,-,-,O,-,3,-,-,"- ",,,-,-,0,0,O,2022,-,A,01,,,,-,-,2023
9599989,1,4,Y,M,32,C,-,S,-,-,N,-,3,-,-,"- ",,,-,-,0,1,B,,-,L,04,,B,,-,-,2023
9599989,2,1,N,F,69,A,-,E,M,G,Y,-,3,-,-,"- ",,,-,-,0,0,B,2014,-,A,01,,O,,-,-,2023
9599998,1,2,Y,F,19,A,-,-,-,-,O,-,3,-,-,"- ",,,-,-,0,0,A,,-,N,60,,W,,-,-,2023
9599998,2,4,N,F,65,A,-,-,-,-,,-,3,-,-,"- ",,,-,-,0,1,B,,-,L,04,,W,,-,-,2023
9601158,1,1,Y,M,61,A,-,S,M,G,Y,-,3,-,-,"- ",,,-,-,0,0,E,2019,-,D,22,,A,,-,-,2023
9601158,2,4,N,M,61,A,-,E,-,-,N,-,3,-,-,"- ",,,-,-,0,1,B,,-,L,04,,B,,-,-,2023
9601174,1,1,Y,M,74,A,-,E,M,G,Y,-,3,-,,34,21950,A,A,-,0,0,B,2016,-,A,07,,W,,-,-,2023
9601174,2,2,N,-,998,A,-,-,-,-,O,-,3,-,-,"- ",,,-,-,0,1,R,,-,N,60,,,,-,-,2023
9610260,1,1,Y,M,63,A,-,S,P,G,Y,-,3,-,-,"- ",,,N,-,0,0,B,2023,-,A,01,,A,,-,-,2023
9610260,2,2,N,M,57,-,-,-,-,-,O,-,-,-,-,"- ",,,-,-,0,1,-,,-,N,60,,W,,-,-,2023
9613279,1,1,Y,-,998,G,G,N,-,-,,-,3,-,,33,21801,A,A,-,0,0,F,2006,-,A,01,,,,-,-,2023
9613279,2,4,N,F,23,A,-,-,-,-,,-,3,-,-,"- ",,,N,-,0,1,B,,-,L,04,,W,,-,-,2023
9613556,1,2,Y,M,21,A,-,-,-,-,O,-,3,-,-,"- ",,,-,-,0,1,B,,-,N,60,,H,,-,-,2023
9613556,2,1,N,-,39,A,-,N,M,G,Y,-,3,-,-,"- ",,,E,-,0,0,B,2005,-,D,22,,H,,-,-,2023
9613557,1,4,Y,M,75,G,G,S,-,-,,-,3,-,-,"- ",,,N,-,0,1,B,,-,L,04,,W,,-,-,2023
9613557,2,1,N,M,64,A,-,S,M,E,Y,-,3,-,-,"- ",,,N,-,0,0,B,2002,-,F,26,,O,,-,-,2023
9613558,1,1,N,-,998,G,G,-,-,-,,-,-,-,-,"- ",,,N,-,0,0,B,,-,F,26,,,,-,-,2023
9613558,2,2,Y,M,21,A,-,-,-,-,O,-,3,-,-,"- ",,,N,-,0,1,A,,-,N,60,,W,,-,-,2023
9615123,1,1,Y,-,998,G,G,W,-,-,,-,-,-,,33,21801,A,A,-,0,0,B,,-,A,01,,,,-,-,2023
9615123,2,4,N,M,35,A,-,E,-,-,,-,-,-,-,"- ",,,-,-,0,1,B,,-,L,04,,W,,-,-,2023
9615126,1,4,Y,F,36,A,-,N,-,-,,-,3,-,-,"- ",,,-,-,0,1,B,,-,L,04,,O,,-,-,2023
9615126,2,1,N,M,998,A,-,N,-,-,,-,3,-,-,"- ",,,-,-,0,0,D,2014,-,A,01,,H,,-,-,2023
9615127,1,4,Y,M,64,A,-,S,-,-,,-,3,-,-,"- ",,,N,-,0,1,B,,-,L,04,,W,,-,-,2023
9615127,2,1,N,F,54,A,-,S,M,G,Y,-,3,-,-,"- ",,,N,-,0,0,B,2017,-,A,01,,W,,-,-,2023
9615128,1,1,Y,-,998,D,-,-,-,-,,-,-,-,,31,22107,,A,-,0,0,B,,-,A,01,,,,-,-,2023
9615128,2,4,N,M,34,A,-,N,-,-,,-,3,-,-,"- ",,,N,-,0,1,B,,-,L,04,,W,,-,-,2023
9615130,1,2,Y,M,19,A,-,-,-,-,O,-,3,-,,35,21954,A,A,-,0,1,B,,-,N,60,,O,,-,-,2023
9615130,2,1,N,M,998,G,G,-,B,-,,-,3,-,-,"- ",,,-,-,0,0,B,,-,A,01,,W,,-,-,2023
9615131,1,1,Y,F,71,A,-,N,M,G,Y,-,3,-,-,"- ",,,N,-,0,0,D,2019,-,A,01,,W,,-,-,2023
9615131,2,2,N,F,43,A,-,-,-,-,O,-,3,-,-,"- ",,,N,-,0,1,B,,-,N,60,,W,,-,-,2023
9615153,1,1,Y,M,36,A,-,E,M,C,Y,-,3,-,-,"- ",,,N,-,0,0,G,2015,-,A,01,,A,,-,-,2023
9615153,2,2,N,F,76,A,-,-,-,-,O,-,3,-,-,"- ",,,N,-,0,1,B,,-,N,60,,W,,-,-,2023
9615155,1,1,Y,F,59,A,-,W,M,G,Y,-,3,-,,34,21950,A,A,-,0,0,B,2003,FORD,A,01,,W,,-,-,2023