CASE_ID,PARTY_NUMBER,PARTY_TYPE,AT_FAULT,PARTY_SEX,PARTY_AGE,PARTY_SOBRIETY,PARTY_DRUG_PHYSICAL,DIR_OF_TRAVEL,PARTY_SAFETY_EQUIP_1,PARTY_SAFETY_EQUIP_2,FINAN_RESPONS,SP_INFO_1,SP_INFO_2,SP_INFO_3,OAF_VIOLATION_CODE,OAF_VIOL_CAT,OAF_VIOL_SECTION,OAF_VIOLATION_SUFFIX,OAF_1,OAF_2,PARTY_NUMBER_KILLED,PARTY_NUMBER_INJURED,MOVE_PRE_ACC,VEHICLE_YEAR,VEHICLE_MAKE,STWD_VEHICLE_TYPE,CHP_VEH_TYPE_TOWING,CHP_VEH_TYPE_TOWED,RACE,INATTENTION,SPECIAL_INFO_F,SPECIAL_INFO_G,ACCIDENT_YEAR
9720179,2,2,N,M,43,H,H,-,-,-,O,-,3,-,-,"- ",,,N,-,0,1,R,,-,N,60,,B,,-,-,2024
9723799,1,1,Y,M,33,A,-,S,M,G,Y,-,3,-,-,"- ",,,E,-,0,0,E,2007,-,A,01,,H,,-,-,2024
9723799,2,2,N,F,17,-,-,E,-,-,O,-,-,-,-,"- ",,,-,-,0,1,-,,-,N,60,,A,,-,-,2024
9729295,1,1,Y,M,53,A,-,N,-,G,Y,A,-,-,-,"- ",,,A,-,0,0,-,2009,-,A,01,,,,-,-,2024
9729295,2,4,N,M,41,A,-,N,-,-,,-,3,-,-,"- ",,,A,-,0,3,-,,-,L,04,,A,,-,-,2024
9731001,1,1,Y,F,69,A,-,N,M,G,Y,-,3,-,-,"- ",,,G,-,0,0,D,2019,-,A,01,,A,,-,-,2024
9731001,2,4,N,M,19,A,-,N,-,-,O,-,3,-,-,"- ",,,N,-,0,1,B,,-,L,04,,O,,-,-,2024
9731723,1,4,Y,M,20,A,-,N,-,-,O,-,3,-,,25,22350,,A,-,0,1,B,,-,L,04,,H,,-,-,2024
9731723,2,1,N,F,41,A,-,W,M,G,Y,-,3,-,-,"- ",,,N,-,0,0,B,2017,-,A,01,,B,,-,-,2024
9731725,1,1,Y,M,47,A,-,S,M,G,Y,-,3,-,-,"- ",,,N,-,0,0,B,2010,-,A,01,,W,,-,-,2024
9731725,2,2,N,M,20,A,-,-,-,-,O,-,3,-,-,"- ",,,N,-,0,1,R,,-,N,60,,W,,-,-,2024
9731725,3,2,N,F,19,A,-,-,-,-,O,-,3,-,-,"- ",,,N,-,0,1,R,,-,N,60,,W,,-,-,2024
9731731,1,1,N,F,46,G,G,N,M,B,Y,-,3,-,-,"- ",,,N,-,0,0,D,2010,-,A,01,,O,,-,-,2024
9731731,2,4,N,M,36,G,G,N,-,-,,-,3,-,-,"- ",,,N,-,0,1,B,,-,L,04,,W,,-,-,2024
9731732,1,1,Y,F,63,A,-,-,B,-,,-,3,-,-,"- ",,,N,-,0,0,B,,-,A,01,,A,,-,-,2024
9731732,2,4,N,F,27,A,-,N,-,-,,-,3,-,-,"- ",,,N,-,0,1,B,,-,L,04,,A,,-,-,2024
9731741,1,4,Y,M,56,A,-,E,-,-,,-,3,-,,24,22450,A,A,-,0,0,D,,-,L,04,,W,,-,-,2024
9731741,2,2,N,F,66,A,-,-,-,-,O,-,3,-,-,"- ",,,-,-,0,1,B,,-,N,60,,A,,-,-,2024
9731742,1,1,Y,M,21,A,-,W,M,G,Y,-,3,-,-,"- ",,,F,-,0,0,D,2010,FORD,A,01,,W,-,-,-,2024
9731742,2,2,N,F,80,A,-,-,-,-,O,-,3,-,-,"- ",,,N,-,0,1,B,,-,N,60,,W,,-,-,2024
9731750,1,1,Y,F,69,A,-,W,M,G,Y,-,3,-,-,"- ",,,N,-,0,0,D,2011,-,A,01,,B,,-,-,2024
9731750,2,4,N,F,51,A,-,S,-,-,,-,3,-,-,"- ",,,N,-,0,1,B,,-,L,04,,A,,-,-,2024
9735625,1,1,Y,F,85,A,-,W,M,G,Y,-,3,-,-,"- ",,,E,-,0,0,B,2009,-,A,01,,W,,-,-,2024
9735625,2,2,N,F,54,-,-,S,-,-,O,-,-,-,-,"- ",,,N,-,0,1,-,,-,N,60,,W,,-,-,2024
9735627,1,2,Y,M,11,-,-,N,-,-,O,-,-,-,-,"- ",,,-,-,0,1,-,,-,N,60,,A,,-,-,2024
9735627,2,2,N,M,11,-,-,N,-,-,O,-,-,-,-,"- ",,,-,-,0,1,-,,-,N,60,,H,,-,-,2024
9735627,3,1,N,M,76,-,-,W,M,G,,-,-,-,-,"- ",,,-,-,0,0,-,2019,-,A,01,,W,,-,-,2024
9735846,1,1,Y,M,78,H,H,W,N,G,Y,-,3,-,-,"- ",,,N,-,0,0,B,2016,-,A,01,,W,,-,-,2024
9735846,2,2,N,M,76,H,H,N,-,-,O,-,3,-,-,"- ",,,N,-,0,1,-,,-,N,60,,,,-,-,2024
9735886,1,1,Y,M,37,A,-,S,M,G,N,-,3,-,-,"- ",,,N,-,0,0,B,2013,-,A,01,,H,,-,-,2024
9735886,2,2,N,F,77,A,-,-,-,-,O,-,3,-,-,"- ",,,N,-,0,1,B,,-,N,60,,W,,-,-,2024
9735893,1,1,Y,M,998,G,G,-,B,-,,-,-,-,-,"- ",,,-,-,0,0,B,,-,A,01,,O,,-,-,2024
9735893,2,2,N,M,32,A,-,-,-,-,O,-,3,-,,35,21956,,A,-,0,1,B,,-,N,60,,W,,-,-,2024
9735906,1,1,Y,M,998,G,G,S,B,-,,-,-,-,,19,20001,A,A,-,0,0,D,,-,A,01,,H,,-,-,2024
9735906,2,2,N,M,18,A,-,-,-,-,O,-,3,-,-,"- ",,,N,-,0,1,B,,-,N,60,,O,,-,-,2024
9735909,1,1,Y,M,25,A,-,S,M,R,Y,-,3,-,-,"- ",,,N,-,0,0,D,2016,-,A,01,,A,,-,-,2024
9735909,2,2,N,M,24,A,-,-,-,-,O,-,3,-,-,"- ",,,N,-,0,1,R,,-,N,60,,H,,-,-,2024
9735910,1,1,Y,F,43,A,-,W,M,P,,-,3,-,-,"- ",,,-,-,0,0,A,2017,-,A,01,,W,,-,-,2024
9735910,2,4,N,M,50,B,-,W,-,-,,-,3,-,-,"- ",,,-,-,0,1,B,,-,L,04,,H,,-,-,2024
9735911,1,4,Y,M,39,A,-,W,-,-,,-,3,-,-,"- ",,,-,-,0,1,B,,-,L,04,,W,,-,-,2024
9735911,2,4,N,M,28,A,-,W,-,-,,-,3,-,-,"- ",,,-,-,0,0,D,,-,L,04,,W,,-,-,2024
9735914,1,1,Y,M,53,A,-,S,M,G,Y,-,3,-,-,"- ",,,-,-,0,0,K,2023,-,A,01,,A,,-,-,2024
9735914,2,4,N,M,33,A,-,S,-,-,,-,3,-,-,"- ",,,-,-,0,1,B,,-,L,04,,W,,-,-,2024
9735916,1,2,N,F,21,G,G,-,-,-,O,-,3,-,-,"- ",,,-,-,0,1,R,,-,N,60,,O,,-,-,2024
9735916,2,1,N,F,998,-,-,-,B,-,,-,-,-,-,"- ",,,-,-,0,0,-,,-,A,07,,W,,-,-,2024
9739641,1,1,Y,M,998,H,H,S,B,-,,-,-,-,-,"- ",,,-,-,0,0,B,,-,A,01,,H,,-,-,2024
9739641,2,4,N,M,81,A,-,W,-,-,,-,3,-,-,"- ",,,-,-,0,1,B,,-,L,04,,W,,-,-,2024
9739649,1,1,Y,F,74,A,-,S,M,G,Y,-,3,-,,31,22107,,A,-,0,0,D,2014,-,A,01,,B,,-,-,2024
9739649,2,4,N,F,12,A,-,W,-,-,,-,3,-,-,"- ",,,-,-,0,1,B,,-,L,04,,W,,-,-,2024
9739651,1,1,Y,M,57,A,-,N,M,P,Y,-,3,-,-,"- ",,,-,-,0,0,O,2004,-,A,07,,A,,-,-,2024
9739651,2,4,N,M,48,A,-,N,-,-,N,-,3,-,-,"- ",,,-,-,0,1,B,,-,L,04,,W,,-,-,2024
9739654,1,1,Y,F,59,A,-,E,M,G,Y,-,3,-,-,"- ",,,N,-,0,0,E,2019,-,A,01,,W,,-,-,2024
9739654,2,2,N,M,13,A,-,N,-,-,O,-,3,-,,00,21294,B,A,-,0,1,R,,-,N,60,,H,,-,-,2024
9739655,1,2,Y,F,48,G,G,-,-,-,O,-,3,-,,35,21955,,A,-,0,1,A,,-,N,60,,B,,-,-,2024
9739655,2,1,N,F,57,A,-,W,M,C,Y,-,3,-,-,"- ",,,-,-,0,0,A,2014,-,A,01,,H,,-,-,2024
9739658,1,1,Y,M,32,G,G,E,B,-,,-,3,-,-,"- ",,,-,-,0,0,B,2000,-,A,01,,H,,-,-,2024
9739658,2,2,N,F,0,A,-,-,-,-,O,-,3,-,-,"- ",,,-,-,0,1,B,,-,N,60,,A,,-,-,2024
9739658,3,2,N,M,33,A,-,-,-,-,O,-,3,-,-,"- ",,,-,-,0,0,B,,-,N,60,,A,,-,-,2024
9739659,1,1,Y,M,70,A,-,W,M,G,N,-,3,-,-,"- ",,,E,-,0,0,L,2020,-,-,,,A,,-,-,2024
9739659,2,4,N,F,15,A,-,N,-,-,,-,3,-,-,"- ",,,N,-,0,1,B,,-,L,04,,A,,-,-,2024
9739660,1,1,Y,-,998,G,G,E,B,-,,-,-,-,-,"- ",,,-,-,0,0,B,,-,A,01,,,,-,-,2024
9739660,2,2,N,F,63,A,-,-,-,-,O,-,3,-,-,"- ",,,N,-,0,1,B,,-,N,60,,W,,-,-,2024
9739674,1,1,Y,M,998,A,-,E,B,-,,-,-,-,,24,22450,A,A,-,0,0,B,,-,A,01,,W,,-,-,2024
9739674,2,4,N,M,14,A,-,N,-,-,,-,2,-,-,"- ",,,-,-,0,1,B,,-,M,91,,B,,-,-,2024
9739727,1,1,Y,M,26,A,-,W,M,G,Y,-,3,-,-,"- ",,,N,-,0,0,E,2022,-,A,01,,H,,-,-,2024
9739727,2,4,N,M,23,A,-,W,-,-,,-,3,-,-,"- ",,,M,N,0,1,B,,-,L,04,,A,,-,-,2024
9739728,1,1,Y,F,84,A,-,N,M,Q,Y,-,3,-,-,"- ",,,N,-,0,0,B,2008,-,A,07,,W,,-,-,2024
9739728,2,2,N,F,30,A,-,-,-,-,O,-,3,-,-,"- ",,,N,-,0,1,R,,-,N,60,,B,,-,-,2024
9742714,1,1,Y,M,48,A,-,E,M,G,Y,-,3,-,-,"- ",,,N,-,0,0,E,2022,-,I,20,,A,,-,-,2024
9742714,2,2,N,M,83,-,-,-,-,-,O,-,3,-,-,"- ",,,-,-,0,1,-,,-,N,60,,W,,-,-,2024
9742718,1,1,N,M,33,A,-,E,M,G,Y,-,3,-,-,"- ",,,N,-,0,0,B,2007,-,D,22,,H,,-,-,2024
9742718,2,4,N,M,66,A,-,-,-,-,,-,3,-,-,"- ",,,N,-,0,1,B,,-,L,04,,A,,-,-,2024
9743784,1,4,Y,F,22,A,-,W,-,-,,-,3,-,-,"- ",,,E,-,0,1,B,,-,L,04,,A,,-,-,2024
9743784,2,4,N,F,28,A,-,-,-,-,,-,3,-,-,"- ",,,E,-,0,0,B,,-,L,04,,W,,-,-,2024
9743786,1,1,Y,M,46,A,-,N,M,G,Y,-,3,-,-,"- ",,,N,-,0,0,B,2018,-,A,01,,W,,-,-,2024
9743786,2,2,N,F,14,A,-,E,-,-,O,-,3,-,-,"- ",,,N,-,0,1,B,,-,N,60,,O,,-,-,2024
9743789,1,1,Y,M,53,A,-,S,M,G,Y,-,3,-,-,"- ",,,-,-,0,0,B,2011,-,A,01,,W,,-,-,2024
9743789,2,4,N,M,66,A,-,S,-,-,,-,3,-,-,"- ",,,-,-,0,1,B,,-,L,04,,W,,-,-,2024
9743801,1,2,Y,F,23,A,-,-,-,-,O,-,3,-,-,"- ",,,-,-,0,1,L,,-,N,60,,A,,-,-,2024
9743801,2,1,N,M,37,A,-,W,M,G,Y,-,3,-,-,"- ",,,N,-,0,0,B,2020,FORD,A,01,,O,,-,-,2024
9743802,1,1,Y,F,23,A,-,E,M,H,Y,-,3,-,-,"- ",,,N,-,0,0,G,2012,FIAT,A,01,,W,,-,-,2024
9743802,2,2,N,M,5,A,-,-,-,-,O,-,3,-,-,"- ",,,N,-,0,1,B,,-,N,60,,A,,-,-,2024
9743808,1,1,Y,F,41,A,-,W,M,G,Y,-,3,-,-,"- ",,,E,N,0,0,B,2013,-,A,01,,W,,-,-,2024
9743808,2,2,N,M,31,A,-,-,-,-,O,-,3,-,-,"- ",,,N,-,0,1,B,,-,N,60,,W,,-,-,2024
9743809,1,1,Y,M,69,A,-,E,M,G,Y,-,3,-,,44,14603,,A,-,0,0,D,2004,-,A,07,,B,,-,-,2024
9743809,2,2,N,F,54,A,-,-,-,-,O,-,3,-,-,"- ",,,-,-,0,1,B,,-,N,60,,B,,-,-,2024
9743810,1,4,Y,M,19,A,-,E,-,-,,-,3,-,-,"- ",,,N,-,0,1,E,,-,L,04,,W,,-,-,2024
9743810,2,1,N,M,22,A,-,S,M,G,Y,-,3,-,-,"- ",,,N,-,0,0,B,2010,-,A,01,,H,,-,-,2024
9743811,1,1,Y,M,35,A,-,N,P,-,Y,-,3,-,,25,22350,,A,-,0,1,B,2007,-,C,02,,W,,-,-,2024
9743811,2,4,N,M,23,A,-,N,-,-,,-,3,-,-,"- ",,,-,-,0,1,E,,-,L,04,,,,-,-,2024
9743812,1,1,Y,-,998,G,G,S,B,-,,-,3,-,-,"- ",,,N,-,0,0,E,,-,A,01,,,,-,-,2024
9743812,2,4,N,M,10,A,-,E,-,-,,-,3,-,-,"- ",,,-,-,0,1,B,,-,L,04,,W,,-,-,2024
9743816,1,1,Y,M,46,A,-,W,M,G,Y,-,2,-,-,"- ",,,E,-,0,0,B,2019,JEEP,A,01,,W,,-,-,2024
9743816,2,4,N,M,77,A,-,N,-,-,,-,3,-,-,"- ",,,N,-,0,1,B,,-,L,04,,W,,-,-,2024
9743837,1,1,Y,F,69,A,-,E,M,G,Y,-,3,-,-,"- ",,,E,-,0,0,E,2011,-,A,01,,W,,-,-,2024
9743837,2,2,N,F,30,A,-,-,-,-,O,-,3,-,-,"- ",,,-,-,0,1,B,,-,N,60,,B,,-,-,2024
9743846,1,1,Y,F,50,A,-,E,M,H,Y,-,3,-,-,"- ",,,-,-,0,0,B,2017,-,A,01,,B,,-,-,2024
9743846,2,2,N,M,12,A,-,-,-,-,O,-,3,-,-,"- ",,,-,-,0,1,B,,-,N,60,,W,,-,-,2024
9743849,1,1,Y,F,998,G,G,W,B,-,,-,3,-,-,"- ",,,-,-,0,0,B,2014,FORD,A,01,,A,,-,-,2024
9743849,2,2,N,M,17,A,-,-,-,-,O,-,3,-,-,"- ",,,-,-,0,1,B,,-,N,60,,A,,-,-,2024
9743852,1,4,Y,F,50,A,-,S,-,-,,-,3,-,-,"- ",,,-,-,0,1,E,,-,L,04,,W,,-,-,2024
9743852,2,1,N,F,56,A,-,S,M,G,Y,-,3,-,-,"- ",,,-,-,0,0,B,2008,-,A,01,,A,,-,-,2024
9743854,1,4,Y,M,15,A,-,S,-,-,,-,3,-,-,"- ",,,N,-,0,1,B,,-,L,04,,W,,-,-,2024
9743854,2,1,N,M,59,A,-,E,M,G,Y,-,3,-,-,"- ",,,N,-,0,0,B,2021,-,A,01,,W,,-,-,2024
9743855,1,1,Y,F,69,A,-,E,M,G,Y,-,3,-,-,"- ",,,-,-,0,0,D,2012,-,A,01,,H,,-,-,2024
9743855,2,2,N,F,59,A,-,E,-,-,O,-,3,-,-,"- ",,,N,-,0,1,B,,-,N,60,,O,,-,-,2024
9743859,1,1,Y,M,19,A,-,E,M,G,,-,2,-,,34,21950,A,A,-,0,0,A,2007,-,A,01,,W,,-,-,2024
9743859,2,2,N,F,55,A,-,-,-,-,O,-,3,-,-,"- ",,,N,-,0,1,B,,-,N,60,,W,,-,-,2024
9743860,1,1,Y,M,21,A,-,S,M,G,Y,-,3,-,-,"- ",,,-,-,0,0,E,2014,-,A,01,,B,,-,-,2024
9743860,2,4,N,M,21,A,-,E,-,-,,-,3,-,-,"- ",,,-,-,0,1,B,,-,L,04,,A,,-,-,2024
9749609,1,2,Y,M,48,A,-,-,-,-,O,-,3,-,-,"- ",,,N,-,0,1,R,,-,N,60,,H,,-,-,2024
9749609,2,1,N,M,65,A,-,S,M,C,Y,-,3,-,-,"- ",,,N,-,0,0,B,2017,-,A,01,,A,,-,-,2024
9749621,1,1,Y,F,23,A,-,E,M,G,Y,-,3,-,-,"- ",,,E,-,0,0,B,2008,-,A,01,,O,,-,-,2024
9749621,2,2,N,F,44,A,-,-,-,-,O,-,3,-,-,"- ",,,-,-,0,1,R,,-,N,60,,O,,-,-,2024
9749625,1,4,Y,F,31,A,-,S,-,-,N,-,3,-,,33,21802,A,A,-,0,1,B,,-,L,04,,W,,-,-,2024
9749625,2,1,N,M,998,G,G,E,B,-,,-,-,-,-,"- ",,,-,-,0,0,B,,-,A,01,,O,,-,-,2024
9751447,1,1,Y,M,40,-,E,W,M,G,,-,3,-,,25,22350,,A,-,0,0,E,2006,AUDI,A,01,,H,,-,-,2024
9751447,2,2,N,M,69,G,G,-,-,-,O,-,3,-,-,"- ",,,N,-,1,0,R,,-,N,60,,W,,-,-,2024
9753283,1,1,Y,M,998,G,G,S,B,-,N,-,-,-,,44,21657,,A,-,0,0,B,,-,A,01,,B,,-,-,2024
9753283,2,2,N,M,20,A,-,-,-,-,O,-,3,-,-,"- ",,,-,-,0,1,-,,-,N,60,,W,,-,-,2024
9753329,1,1,Y,M,28,A,-,E,M,G,Y,-,3,-,-,"- ",,,E,-,0,0,E,2023,-,A,01,,B,,-,-,2024
9753329,2,2,N,M,16,A,-,-,-,-,O,-,3,-,-,"- ",,,-,-,0,1,B,,-,N,60,,B,,-,-,2024
9758149,1,1,Y,M,90,A,-,S,M,H,Y,-,3,-,-,"- ",,,F,-,0,0,B,2000,-,D,22,,W,-,-,-,2024
9758149,2,2,N,M,51,A,-,E,-,-,O,-,3,-,-,"- ",,,-,-,0,1,B,,-,N,60,,O,,-,-,2024
9758150,1,1,Y,M,71,A,-,E,M,G,Y,-,3,-,-,"- ",,,N,-,0,0,F,2019,-,D,22,,W,,-,-,2024
9758150,2,2,N,M,39,A,-,-,-,-,O,-,3,-,-,"- ",,,-,-,0,1,B,,-,N,60,,W,,-,-,2024
9758285,1,2,Y,F,22,A,-,-,-,-,O,-,3,-,-,"- ",,,N,-,0,1,A,,-,N,60,,O,,-,-,2024
9758285,2,5,N,-,998,A,-,-,-,-,O,-,3,-,-,"- ",,,N,-,0,0,B,,-,M,93,,,,-,-,2024
9759009,1,1,Y,F,65,A,-,E,M,G,Y,-,3,-,,25,22350,,A,-,0,0,B,2011,-,A,08,,W,,-,-,2024
9759009,2,4,N,F,15,A,-,S,-,-,,-,3,-,-,"- ",,,N,-,0,1,B,,-,L,04,,,,-,-,2024
9759010,1,1,Y,M,998,G,G,S,M,B,,-,-,E,-,"- ",,,-,-,0,0,B,2005,-,A,01,,,,-,-,2024
9759010,2,4,N,M,62,A,-,W,-,-,,-,3,-,-,"- ",,,N,-,0,1,-,,-,L,04,,A,,-,-,2024
9763543,1,1,Y,M,34,A,-,W,M,G,Y,-,3,-,,31,22100,A,A,-,0,0,D,2017,-,D,22,,H,,-,-,2024
9763543,2,4,N,M,28,A,-,W,-,-,,-,3,-,-,"- ",,,N,-,0,1,B,,-,L,04,,W,,-,-,2024
9763648,1,1,Y,F,80,G,G,S,M,C,Y,-,3,-,-,"- ",,,N,-,0,0,E,2006,-,A,01,,A,,-,-,2024
9763648,2,2,N,M,37,G,G,-,-,-,O,-,3,-,-,"- ",,,N,-,0,1,B,,-,N,60,,W,,-,-,2024
9763650,1,4,Y,M,25,A,-,N,-,-,,-,3,-,-,"- ",,,N,-,0,1,B,,-,L,04,,W,,-,-,2024
9763650,2,1,N,M,33,A,-,N,M,G,Y,-,3,-,-,"- ",,,N,-,0,0,B,2017,-,A,01,,H,,-,-,2024
9763654,1,1,N,M,21,A,-,E,M,G,Y,-,3,-,-,"- ",,,N,-,0,0,B,2013,-,A,01,,W,,-,-,2024
9763654,2,2,Y,F,50,A,-,-,-,-,O,-,3,-,-,"- ",,,N,-,0,1,R,,-,N,60,,A,,-,-,2024
9763655,1,1,Y,F,43,A,-,S,M,G,Y,-,3,-,,34,21950,A,A,-,0,0,E,2014,-,A,01,,O,,-,-,2024
9763655,2,2,N,F,18,A,-,-,-,-,O,-,3,-,-,"- ",,,N,-,0,1,B,,-,N,60,,O,,-,-,2024
9763659,1,1,Y,F,20,A,-,W,M,G,Y,-,3,-,-,"- ",,,N,-,0,0,B,2023,-,A,01,,B,,-,-,2024
9763659,2,4,N,M,37,A,-,S,-,-,,-,3,-,-,"- ",,,N,-,0,1,B,,-,L,04,,A,,-,-,2024
9763660,1,4,Y,F,28,A,-,E,-,-,,-,3,-,-,"- ",,,N,-,0,1,B,,-,L,04,,W,,-,-,2024
9763660,2,1,N,M,49,A,-,N,M,G,Y,-,3,-,-,"- ",,,N,-,0,0,B,2006,-,A,01,,H,,-,-,2024
9763662,1,1,Y,M,30,A,-,S,M,G,Y,-,3,-,-,"- ",,,-,-,0,0,B,2022,-,A,01,,B,,-,-,2024
9763662,2,2,N,M,22,A,-,-,-,-,O,-,3,-,-,"- ",,,N,-,0,1,B,,-,N,60,,W,,-,-,2024
9763663,1,1,Y,-,998,G,G,N,B,-,,-,3,-,-,"- ",,,-,-,0,0,B,,-,A,01,,,,-,-,2024
9763663,2,2,N,F,18,A,-,-,-,-,O,-,3,-,-,"- ",,,N,-,0,1,R,,-,N,60,,W,,-,-,2024
9763665,1,1,Y,-,998,G,G,-,B,-,,-,-,-,-,"- ",,,-,-,0,0,A,,-,A,01,,,,-,-,2024
9763665,2,4,N,F,50,A,-,S,-,-,,-,3,-,-,"- ",,,-,-,0,1,A,,-,L,04,,W,,-,-,2024
9763666,1,4,Y,M,32,A,-,W,-,-,,-,3,-,-,"- ",,,N,-,0,1,B,,-,L,04,,O,,-,-,2024
9763666,2,1,N,F,32,A,-,S,M,G,Y,-,3,-,-,"- ",,,N,-,0,0,B,2014,-,A,01,,W,,-,-,2024
9763667,1,1,Y,F,86,A,-,N,M,G,Y,-,3,-,-,"- ",,,-,-,0,0,K,2007,-,A,01,,W,,-,-,2024
9763667,2,2,N,M,36,A,-,-,-,-,O,-,3,-,-,"- ",,,-,-,0,1,R,,-,N,60,,B,,-,-,2024
9763669,1,1,Y,F,998,G,G,-,B,-,,-,-,-,-,"- ",,,N,-,0,0,B,,-,A,01,,W,,-,-,2024
9763669,2,2,N,M,18,A,-,-,-,-,O,-,3,-,-,"- ",,,N,-,0,1,B,,-,N,60,,W,,-,-,2024
9763670,1,1,Y,M,998,G,G,W,B,-,,-,-,-,,00,21760,B,A,-,0,0,I,,-,-,99,,,,-,-,2024
9763670,2,4,N,M,63,A,-,W,-,-,,-,3,-,-,"- ",,,N,-,0,1,B,,-,L,04,,W,,-,-,2024
9763672,1,1,Y,-,998,G,G,W,B,-,,-,-,-,,34,21950,A,A,-,0,0,Q,2017,-,A,01,,,,-,-,2024
9763672,2,2,N,M,19,G,G,-,-,-,O,-,3,-,-,"- ",,,N,-,0,1,B,,-,N,60,,O,,-,-,2024
9763674,1,1,Y,M,26,A,-,E,M,G,Y,-,3,-,-,"- ",,,N,-,0,0,B,2022,-,A,01,,A,,-,-,2024
9763674,2,4,N,M,22,A,-,S,-,-,,-,3,-,-,"- ",,,N,-,0,1,B,,-,L,04,,W,,-,-,2024
9763676,1,1,Y,F,32,A,-,N,M,-,Y,-,3,-,-,"- ",,,M,-,0,0,G,2014,-,A,01,,W,,-,-,2024
9763676,2,4,N,M,87,A,-,S,-,-,,-,3,-,-,"- ",,,N,-,0,1,B,,-,L,04,,W,,-,-,2024
9763679,1,1,Y,F,70,A,-,W,M,G,Y,-,3,-,-,"- ",,,N,-,0,0,L,2006,-,A,01,,B,,-,-,2024
9763679,2,4,N,F,59,A,-,W,-,-,,-,3,-,-,"- ",,,N,-,0,1,B,,-,L,04,,W,,-,-,2024
9763681,1,1,Y,M,48,A,-,E,M,G,Y,-,3,-,-,"- ",,,N,-,0,0,E,2024,-,A,07,,O,,-,-,2024
9763681,2,2,N,F,20,A,-,-,-,-,O,-,3,-,-,"- ",,,-,-,0,1,-,,-,N,60,,A,,-,-,2024
9764184,1,1,Y,M,32,A,-,N,M,G,Y,-,3,-,-,"- ",,,N,-,0,0,G,2013,-,A,01,,H,,-,-,2024
9764184,2,2,N,F,47,A,-,-,-,-,O,-,3,-,,35,21954,A,A,-,0,1,R,,-,N,60,,W,,-,-,2024
9764675,1,1,Y,M,43,A,-,S,M,G,Y,-,3,-,-,"- ",,,-,-,0,0,E,2015,-,A,01,,O,,-,-,2024
9764675,2,2,N,M,20,A,-,-,-,-,O,-,3,-,-,"- ",,,-,-,0,1,R,,-,N,60,,A,,-,-,2024
9764676,1,2,Y,M,54,A,-,-,-,-,O,-,3,-,,35,21954,A,A,-,0,1,R,,-,N,60,,W,,-,-,2024
9764676,2,1,N,M,18,A,-,W,P,-,,-,3,-,-,"- ",,,N,-,0,1,B,,-,M,94,,W,,-,-,2024
9764679,1,1,Y,F,35,A,-,S,M,G,Y,-,3,-,-,"- ",,,N,-,0,0,A,2025,-,A,01,,W,,-,-,2024
9764679,2,2,N,F,23,A,-,-,-,-,O,-,3,-,-,"- ",,,N,-,0,1,R,,-,N,60,,A,,-,-,2024
9764680,1,1,Y,M,30,A,-,S,M,G,Y,-,2,-,-,"- ",,,F,-,0,0,B,2024,FORD,A,01,,H,-,-,-,2024
9764680,2,2,N,M,23,A,-,-,-,-,O,-,3,-,-,"- ",,,N,-,0,1,B,,-,N,60,,A,,-,-,2024
9764681,1,1,Y,-,998,G,G,E,B,-,,-,-,-,,25,22350,,A,-,0,0,Q,2016,-,A,01,,,,-,-,2024
9764681,2,2,N,F,68,A,-,-,-,-,O,-,3,-,-,"- ",,,N,-,0,1,-,,-,N,60,,W,,-,-,2024
9764683,1,2,Y,M,30,-,E,E,-,-,O,-,3,-,-,"- ",,,-,-,0,1,L,,-,N,60,,O,,-,-,2024
9764683,2,1,N,-,998,G,G,-,B,-,,-,-,-,-,"- ",,,N,-,0,0,B,,-,-,99,,,,-,-,2024
9766558,1,1,Y,-,998,G,G,E,B,-,,-,-,-,,53,22106,,A,-,0,0,G,,-,-,99,,,,-,-,2024
9766558,2,2,N,F,19,H,H,-,-,-,O,-,-,-,-,"- ",,,N,-,0,1,R,,-,N,60,,W,,-,-,2024
9766752,1,1,Y,-,998,G,G,W,B,-,N,-,-,-,-,"- ",,,N,-,0,0,E,,-,A,01,,,,-,-,2025
9766752,2,2,N,F,77,A,-,N,-,-,O,-,3,-,-,"- ",,,N,-,0,1,B,,-,N,60,,W,,-,-,2025
9766753,1,1,Y,M,49,A,-,W,M,G,Y,-,3,-,-,"- ",,,-,-,0,0,D,2021,-,A,01,,W,,-,-,2025
9766753,2,4,N,M,63,A,-,-,-,-,,-,3,-,-,"- ",,,-,-,0,1,B,,-,L,04,,H,,-,-,2025