CASE_ID,PARTY_NUMBER,PARTY_TYPE,AT_FAULT,PARTY_SEX,PARTY_AGE,PARTY_SOBRIETY,PARTY_DRUG_PHYSICAL,DIR_OF_TRAVEL,PARTY_SAFETY_EQUIP_1,PARTY_SAFETY_EQUIP_2,FINAN_RESPONS,SP_INFO_1,SP_INFO_2,SP_INFO_3,OAF_VIOLATION_CODE,OAF_VIOL_CAT,OAF_VIOL_SECTION,OAF_VIOLATION_SUFFIX,OAF_1,OAF_2,PARTY_NUMBER_KILLED,PARTY_NUMBER_INJURED,MOVE_PRE_ACC,VEHICLE_YEAR,VEHICLE_MAKE,STWD_VEHICLE_TYPE,CHP_VEH_TYPE_TOWING,CHP_VEH_TYPE_TOWED,RACE,INATTENTION,SPECIAL_INFO_F,SPECIAL_INFO_G,ACCIDENT_YEAR
9766757,1,1,Y,F,42,A,-,W,M,G,Y,-,3,-,-,"- ",,,N,-,0,0,E,2016,-,A,01,,B,,-,-,2025
9766757,2,4,N,M,22,A,-,S,-,-,,-,3,-,-,"- ",,,N,-,0,1,B,,-,L,04,,A,,-,-,2025
9766758,1,4,Y,F,31,A,-,-,P,-,N,-,3,-,-,"- ",,,N,-,0,1,E,,-,L,04,,O,,-,-,2025
9766758,2,1,N,F,41,A,-,E,M,G,N,-,3,-,-,"- ",,,N,-,0,0,B,2017,-,A,01,,W,,-,-,2025
9766761,1,1,Y,F,44,A,-,N,M,G,Y,-,3,-,-,"- ",,,N,-,0,0,E,2006,-,A,01,,O,,-,-,2025
9766761,2,4,N,F,22,A,-,W,-,-,,-,3,-,-,"- ",,,N,-,0,1,B,,-,L,04,,W,,-,-,2025
9766762,1,4,Y,F,32,A,-,N,M,P,N,-,3,-,-,"- ",,,N,-,0,1,B,,-,L,04,,A,,-,-,2025
9766762,2,1,N,F,81,A,-,W,M,G,Y,-,3,-,-,"- ",,,N,-,0,0,B,2006,-,A,01,,W,,-,-,2025
9766826,1,1,Y,-,998,G,G,N,B,-,,-,3,-,,34,21950,A,A,-,0,0,B,,-,A,01,,,,-,-,2025
9766826,2,2,N,M,38,G,G,-,-,-,O,-,3,-,-,"- ",,,N,-,0,1,B,,-,N,60,,W,,-,-,2025
9766827,1,1,Y,F,78,A,-,S,M,G,Y,-,3,-,,34,21950,A,A,-,0,0,H,2016,-,A,01,,O,,-,-,2025
9766827,2,2,N,M,30,A,-,S,-,-,O,-,3,-,-,"- ",,,-,-,0,1,B,,-,N,60,,H,,-,-,2025
9766829,1,4,Y,M,32,A,-,E,-,-,N,-,3,-,-,"- ",,,N,-,0,1,B,,-,L,04,,H,,-,-,2025
9766829,2,1,N,F,51,A,-,N,M,G,Y,-,3,-,-,"- ",,,N,-,0,0,B,2015,-,A,01,,B,,-,-,2025
9766833,1,1,Y,F,20,B,-,E,M,B,N,-,3,-,,25,22350,,A,-,0,0,C,1998,-,A,01,,H,,-,-,2025
9766833,2,2,N,M,29,A,-,E,-,-,O,-,3,-,-,"- ",,,-,-,0,1,A,,-,N,60,,A,,-,-,2025
9768656,1,1,Y,M,76,A,-,N,M,G,Y,-,3,-,-,"- ",,,-,-,0,0,H,2020,-,A,01,,W,,-,-,2024
9768656,2,2,N,F,80,A,-,W,-,-,O,-,-,-,-,"- ",,,-,-,0,1,-,,-,N,60,,W,,-,-,2024
9769860,1,1,Y,M,58,G,G,S,B,-,,-,3,-,-,"- ",,,N,-,0,0,E,2020,-,A,01,,W,,-,-,2024
9769860,2,2,N,M,25,A,-,-,-,-,O,-,3,-,-,"- ",,,-,-,0,1,R,,-,N,60,,H,,-,-,2024
9769888,1,4,Y,-,998,A,-,-,-,-,O,-,3,-,-,"- ",,,-,-,0,1,B,,-,L,04,,,,-,-,2024
9769888,2,1,N,M,28,A,-,S,P,W,Y,-,3,-,-,"- ",,,-,-,0,0,B,2022,-,C,02,,O,,-,-,2024
9769892,1,1,Y,M,29,B,-,S,L,G,,-,3,-,-,"- ",,,A,-,0,0,C,2020,-,A,01,,A,,-,-,2024
9769892,2,2,N,M,61,G,G,-,-,-,O,-,3,-,-,"- ",,,-,-,0,1,R,,-,N,60,,H,,-,-,2024
9777061,1,1,Y,F,43,A,-,W,M,G,Y,-,3,-,-,"- ",,,N,-,0,0,G,2023,-,A,01,,W,,-,-,2025
9777061,2,2,N,F,75,H,H,S,-,-,O,-,3,-,-,"- ",,,N,-,0,1,-,,-,N,60,,A,,-,-,2025
9777091,1,2,Y,M,23,-,-,E,-,-,O,-,-,-,-,"- ",,,-,-,0,1,-,,-,N,60,,W,,-,-,2025
9777091,2,1,N,M,74,A,-,S,M,G,Y,-,3,-,-,"- ",,,M,-,0,0,E,2023,-,A,01,,W,,-,-,2025
9778605,1,1,Y,M,23,A,-,S,M,G,Y,-,3,-,-,"- ",,,N,-,0,0,G,2007,-,A,07,,H,,-,-,2024
9778605,2,4,N,M,78,A,-,N,-,-,N,-,3,-,-,"- ",,,N,-,0,1,B,,-,L,04,,A,,-,-,2024
9778617,1,1,Y,F,35,C,-,S,M,G,Y,-,3,-,-,"- ",,,N,-,0,0,E,2015,-,C,02,,O,,-,-,2024
9778617,2,2,N,F,48,A,-,-,-,-,O,-,3,-,-,"- ",,,N,-,0,1,E,,-,N,60,,O,,-,-,2024
9779390,1,1,Y,M,88,A,-,W,M,E,Y,-,3,-,-,"- ",,,N,-,0,0,E,2003,-,A,01,,W,,-,-,2025
9779390,2,2,N,F,43,A,-,-,-,-,O,-,3,-,-,"- ",,,-,-,0,1,-,,-,N,60,,W,,-,-,2025
9786418,1,1,Y,F,79,A,-,E,M,G,Y,-,3,-,-,"- ",,,N,-,0,1,B,2017,AUDI,A,01,,W,,-,-,2024
9786418,2,2,N,M,78,A,-,S,-,-,O,-,3,-,-,"- ",,,N,-,1,0,B,,-,N,60,,B,,-,-,2024
9789191,1,1,Y,M,18,A,-,N,M,G,Y,-,3,-,-,"- ",,,E,-,0,0,E,2020,-,A,01,,W,,-,-,2025
9789191,2,2,N,M,39,H,H,N,-,-,O,-,-,E,-,"- ",,,N,-,0,1,-,,-,N,60,,W,,-,-,2025
9790456,1,1,Y,-,998,G,G,W,-,-,,-,-,-,-,"- ",,,-,-,0,0,G,,-,A,01,,,,-,-,2025
9790456,2,2,N,F,67,G,G,-,-,-,O,-,-,-,-,"- ",,,N,-,0,1,R,,-,N,60,,B,,-,-,2025
9790466,1,1,Y,F,40,A,-,S,M,G,Y,-,3,-,,34,21950,,A,N,0,0,D,2014,-,A,01,,W,,-,-,2025
9790466,2,2,N,M,70,A,-,E,-,-,O,-,3,-,-,"- ",,,N,-,0,1,-,,-,N,60,,O,,-,-,2025
9791436,1,1,Y,F,81,A,-,-,P,R,Y,-,3,-,-,"- ",,,N,-,0,0,E,2006,-,A,01,,W,,-,-,2025
9791436,2,2,N,F,17,A,-,-,-,-,O,-,3,-,-,"- ",,,N,-,0,1,R,,-,N,60,,H,,-,-,2025
9791441,1,1,Y,F,19,A,-,E,P,V,,-,3,-,-,"- ",,,N,-,0,1,B,,-,M,94,,A,,-,-,2025
9791441,2,2,N,M,20,A,-,-,-,-,O,-,3,-,-,"- ",,,N,-,0,1,B,,-,N,60,,W,,-,-,2025
9791442,1,1,Y,-,998,G,G,E,B,-,,-,-,-,,34,21950,A,A,-,0,0,B,2025,-,A,01,,,,-,-,2025
9791442,2,2,N,F,26,A,-,-,-,-,O,-,3,-,-,"- ",,,-,-,0,1,B,,-,N,60,,A,,-,-,2025
9791445,1,1,Y,M,54,A,-,W,M,G,,-,3,-,-,"- ",,,-,-,0,0,D,2024,-,A,01,,B,,-,-,2025
9791445,2,4,N,M,67,A,-,N,-,-,,-,3,-,-,"- ",,,-,-,0,1,B,,-,L,04,,W,,-,-,2025
9791449,1,1,Y,M,72,A,-,E,M,C,Y,-,3,-,,31,22107,,A,-,0,0,D,2022,-,A,01,,A,,-,-,2025
9791449,2,2,N,F,60,A,-,-,-,-,O,-,3,-,-,"- ",,,N,-,0,1,B,,-,N,60,,W,,-,-,2025
9791450,1,1,Y,M,998,D,-,-,B,-,N,-,3,-,,34,21950,A,A,-,0,0,E,,-,A,01,,B,,-,-,2025
9791450,2,2,N,M,57,D,-,-,-,-,O,-,1,-,-,"- ",,,N,-,0,1,B,,-,N,60,,W,,-,-,2025
9791456,1,1,Y,M,49,G,G,S,W,G,Y,-,3,-,-,"- ",,,N,-,0,0,E,2024,-,A,01,,W,,-,-,2025
9791456,2,2,N,M,998,A,-,-,-,-,O,-,3,-,-,"- ",,,N,-,0,1,B,,-,N,60,,A,,-,-,2025
9791464,1,1,Y,F,70,A,-,S,M,G,Y,-,3,-,-,"- ",,,-,-,0,0,E,2002,-,A,01,,W,,-,-,2025
9791464,2,2,N,M,67,B,-,-,-,-,O,-,3,-,-,"- ",,,-,-,0,1,B,,-,N,60,,H,,-,-,2025
9791468,1,1,Y,F,73,A,-,W,M,G,Y,-,3,-,-,"- ",,,-,-,0,0,D,2015,-,A,01,,W,,-,-,2025
9791468,2,2,N,M,16,A,-,-,-,-,O,-,3,-,-,"- ",,,-,-,0,1,R,,-,N,60,,O,,-,-,2025
9793311,1,1,Y,F,84,A,-,N,M,G,Y,-,3,-,-,"- ",,,J,-,0,0,B,2021,-,A,07,,W,,-,-,2024
9793311,2,2,N,M,61,-,-,E,-,-,O,-,-,-,-,"- ",,,-,-,0,1,-,,-,N,60,,B,,-,-,2024
9798409,1,1,N,M,77,A,-,N,M,G,Y,-,3,-,-,"- ",,,N,-,0,0,E,2006,-,A,01,,W,,-,-,2025
9798409,2,2,N,M,40,A,-,-,-,-,O,-,3,-,-,"- ",,,N,-,0,1,R,,-,N,60,,B,,-,-,2025
9798416,1,1,Y,M,23,A,-,N,M,G,Y,-,3,-,-,"- ",,,N,-,0,0,D,2022,-,A,01,,A,,-,-,2025
9798416,2,2,N,F,22,A,-,W,-,-,O,-,3,-,-,"- ",,,N,-,0,1,B,,-,N,60,,O,,-,-,2025
9798418,1,1,Y,M,78,A,-,E,M,G,Y,-,3,-,-,"- ",,,N,-,0,0,G,2010,-,A,01,,W,,-,-,2025
9798418,2,2,N,F,89,A,-,-,-,-,O,-,3,-,-,"- ",,,-,-,0,1,R,,-,N,60,,A,,-,-,2025
9800117,1,1,Y,-,998,G,G,-,-,B,,-,-,E,-,"- ",,,G,-,0,0,B,,-,A,01,,,,-,-,2025
9800117,2,4,N,F,23,-,-,-,-,-,,-,-,-,-,"- ",,,-,-,0,2,B,,-,L,04,,W,,-,-,2025
9800592,1,1,Y,M,59,A,-,W,M,G,Y,-,3,-,-,"- ",,,-,-,0,0,B,1999,-,A,01,,W,,-,-,2025
9800592,2,4,N,F,23,A,-,W,-,-,,-,3,-,,39,21201,D,A,-,0,1,A,,-,L,04,,H,,-,-,2025
9800600,1,4,Y,M,24,A,-,E,-,-,N,-,3,-,-,"- ",,,-,-,0,1,B,,-,L,04,,H,,-,-,2025
9800600,2,1,N,F,54,A,-,N,M,G,Y,-,3,-,-,"- ",,,-,-,0,0,B,2012,FORD,A,01,,H,,-,-,2025
9800960,1,1,Y,-,998,G,G,W,B,-,N,-,3,-,,00,21760,B,A,-,0,0,I,2025,-,A,01,,,,-,-,2025
9800960,2,4,N,M,76,A,-,W,-,-,,-,3,-,-,"- ",,,-,-,0,1,B,,-,L,04,,W,,-,-,2025
9801779,1,4,Y,M,52,A,-,E,-,-,,-,3,-,-,"- ",,,N,-,0,1,B,,-,L,04,,B,,-,-,2025
9801779,2,1,N,M,54,A,-,N,M,G,Y,-,3,-,-,"- ",,,N,-,0,0,B,2015,-,A,01,,W,,-,-,2025
9801781,1,1,Y,F,46,A,-,W,P,G,Y,-,3,-,-,"- ",,,N,-,0,0,E,2017,-,A,01,,W,,-,-,2025
9801781,2,2,N,M,54,A,-,-,-,-,O,-,3,-,-,"- ",,,N,-,0,1,R,,-,N,60,,W,,-,-,2025
9802961,1,1,Y,M,22,A,-,S,M,G,Y,-,3,-,,34,21950,A,A,-,0,0,E,2008,-,A,01,,H,,-,-,2025
9802961,2,2,N,M,23,A,-,-,-,-,O,-,3,-,-,"- ",,,N,-,0,1,B,,-,N,60,,A,,-,-,2025
9802963,1,4,Y,M,38,A,-,N,-,-,,-,3,-,-,"- ",,,N,-,0,1,E,,-,L,04,,W,,-,-,2025
9802963,2,1,N,M,23,A,-,N,M,G,Y,-,3,-,-,"- ",,,N,-,0,0,B,2012,-,A,01,,W,,-,-,2025
9802964,1,1,Y,F,39,G,G,W,M,B,,-,3,-,-,"- ",,,N,-,0,0,B,2020,-,A,01,,B,,-,-,2025
9802964,2,2,N,F,24,A,-,S,-,-,O,-,3,-,-,"- ",,,N,-,0,1,B,,-,N,60,,B,,-,-,2025
9802965,1,4,Y,F,38,A,-,N,-,-,,-,3,-,-,"- ",,,N,-,0,1,B,,-,L,04,,W,,-,-,2025
9802965,2,1,N,F,45,A,-,W,M,G,Y,-,3,-,-,"- ",,,N,-,0,0,B,2016,AUDI,A,01,,A,,-,-,2025
9802971,1,1,Y,F,68,A,-,E,M,G,Y,-,3,-,-,"- ",,,N,-,0,0,B,2009,-,A,01,,W,,-,-,2025
9802971,2,2,N,F,64,A,-,-,-,-,O,-,3,-,-,"- ",,,N,-,0,1,B,,-,N,60,,W,,-,-,2025
9803019,1,1,Y,F,67,A,-,S,M,P,Y,-,3,-,-,"- ",,,N,-,0,0,O,1991,-,A,01,,W,,-,-,2025
9803019,2,4,N,M,35,A,-,S,-,-,,-,3,-,-,"- ",,,N,-,0,1,B,,-,L,04,,W,,-,-,2025
9803022,1,4,Y,M,76,A,-,N,-,-,,-,3,-,-,"- ",,,N,-,0,1,B,,-,L,04,,W,,-,-,2025
9803022,2,1,N,F,21,A,-,W,M,G,Y,-,3,-,-,"- ",,,E,-,0,0,B,2022,-,A,01,,A,,-,-,2025
9803027,1,1,Y,F,39,A,-,S,M,G,Y,-,3,-,-,"- ",,,N,-,0,0,E,2019,-,A,01,,A,,-,-,2025
9803027,2,2,N,M,38,A,-,W,-,-,O,-,3,-,-,"- ",,,M,-,0,1,B,,-,N,60,,W,,-,-,2025
9806547,1,1,Y,M,66,A,-,E,M,B,Y,-,-,E,-,"- ",,,N,-,0,0,I,2018,-,A,01,,O,,-,-,2025
9806547,2,2,N,M,58,A,-,W,-,-,O,-,-,E,-,"- ",,,N,-,0,1,A,,-,N,60,,B,,-,-,2025
9810480,1,1,Y,-,998,G,G,E,B,-,,-,3,-,,19,20001,A,A,-,0,0,B,,-,A,01,,,,-,-,2025
9810480,2,2,N,F,48,A,-,N,-,-,O,-,3,-,-,"- ",,,N,-,0,1,B,,-,N,60,,W,,-,-,2025
9810481,1,1,Y,M,18,A,-,W,M,G,Y,A,-,-,,25,22350,,A,-,0,0,B,2018,-,A,01,,O,,-,-,2025
9810481,2,2,N,F,67,A,-,-,-,-,O,-,3,-,-,"- ",,,N,-,0,1,B,,-,N,60,,W,,-,-,2025
9810482,1,1,Y,F,21,A,-,S,M,G,Y,-,3,-,-,"- ",,,N,-,0,0,E,2019,-,A,01,,W,,-,-,2025
9810482,2,2,N,M,46,A,-,-,-,-,O,-,3,-,-,"- ",,,N,-,0,1,B,,-,N,60,,B,,-,-,2025
9810484,1,1,Y,M,37,A,-,W,P,W,N,-,3,-,-,"- ",,,N,-,0,0,B,2009,-,C,02,,B,,-,-,2025
9810484,2,4,N,F,24,A,-,E,-,-,,-,3,-,-,"- ",,,N,-,0,1,B,,-,L,04,,W,,-,-,2025
9810485,1,4,Y,F,71,A,-,S,-,-,N,-,3,-,-,"- ",,,N,-,0,1,B,,-,L,04,,A,,-,-,2025
9810485,2,1,N,F,76,A,-,E,M,G,Y,-,3,-,-,"- ",,,N,-,0,0,B,2021,-,A,01,,W,,-,-,2025
9810486,1,4,Y,F,61,G,G,W,-,-,N,-,-,-,-,"- ",,,-,-,0,1,E,,-,L,04,,B,,-,-,2025
9812054,1,4,Y,M,66,A,-,E,-,-,N,-,3,-,,44,21663,,A,-,0,1,L,,-,M,91,,W,,-,-,2025
9812054,2,1,N,M,51,A,-,N,L,G,Y,-,3,-,-,"- ",,,N,-,0,0,D,2007,-,D,22,,H,,-,-,2025
9814399,1,1,Y,F,52,A,-,N,M,G,Y,-,3,-,-,"- ",,,N,-,0,0,B,2010,-,A,01,,W,,-,-,2025
9814399,2,4,N,M,54,A,-,-,-,-,O,-,3,-,-,"- ",,,N,-,0,1,B,,-,L,04,,A,,-,-,2025
9815693,1,1,Y,F,54,A,-,S,M,G,Y,-,3,-,-,"- ",,,N,-,0,0,B,2017,-,A,01,,O,,-,-,2025
9815693,2,2,N,M,46,A,-,S,-,-,O,-,3,-,-,"- ",,,N,-,0,1,R,,-,N,60,,O,,-,-,2025
9817926,1,1,Y,F,64,A,-,S,M,G,Y,-,3,-,,47,12500,,A,N,0,1,B,2017,-,A,01,,B,,-,-,2025
9817926,2,4,N,F,38,G,G,E,-,-,,-,-,E,-,"- ",,,N,-,0,1,-,,-,L,04,,A,,-,-,2025
9817928,1,3,Y,-,998,G,G,W,-,-,O,-,-,E,-,"- ",,,N,-,0,0,O,2002,-,A,07,,,,-,-,2025
9817928,2,4,N,F,74,C,-,W,-,-,,-,3,-,-,"- ",,,N,-,0,1,B,,-,L,04,,W,,-,-,2025
9825726,1,1,N,M,61,A,-,W,M,G,Y,-,3,-,-,"- ",,,N,-,0,0,E,2013,FORD,A,01,,O,,-,-,2025
9825726,2,4,Y,F,28,A,-,S,-,-,,-,3,-,-,"- ",,,N,-,0,1,B,,-,L,04,,O,,-,-,2025
9825729,1,1,Y,M,76,A,-,S,M,G,Y,-,3,-,-,"- ",,,N,-,0,0,B,2018,-,A,01,,W,,-,-,2025
9825729,2,2,N,F,35,A,-,-,-,-,O,-,3,-,-,"- ",,,N,-,0,1,B,,-,N,60,,W,,-,-,2025
9825730,1,2,Y,M,73,A,-,N,-,-,O,-,3,-,-,"- ",,,N,-,0,1,L,,-,N,60,,W,,-,-,2025
9825730,2,1,N,F,48,A,-,W,M,G,Y,-,3,-,-,"- ",,,-,-,0,0,K,2010,-,A,01,,B,,-,-,2025
9825732,1,1,Y,M,47,A,-,W,M,G,Y,-,3,-,,33,21804,A,A,-,0,0,G,1990,-,A,01,,W,,-,-,2025
9825732,2,4,N,M,62,H,H,E,-,-,,-,3,-,-,"- ",,,N,-,0,1,B,,-,L,04,,W,,-,-,2025
9825735,1,1,Y,F,24,A,-,E,M,G,Y,-,3,-,-,"- ",,,N,-,0,0,E,2010,-,A,01,,W,,-,-,2025
9825735,2,4,N,M,54,A,-,N,-,-,,-,3,-,-,"- ",,,N,-,0,1,B,,-,L,04,,W,,-,-,2025
9825736,1,1,Y,M,61,A,-,S,M,H,Y,-,3,-,-,"- ",,,N,-,0,0,O,2020,-,A,01,,W,,-,-,2025
9825736,2,4,N,M,38,A,-,S,-,-,,-,3,-,-,"- ",,,N,-,0,1,B,,-,L,04,,A,,-,-,2025
9827929,1,1,Y,M,57,A,-,N,M,G,Y,-,3,-,,34,21950,A,A,-,0,0,E,2005,-,D,22,,H,,-,-,2025
9827929,2,2,N,F,34,A,-,W,-,-,O,-,3,-,-,"- ",,,N,-,0,1,B,,-,N,60,,B,,-,-,2025
9828119,1,4,Y,M,63,A,-,-,-,-,,-,3,-,-,"- ",,,N,-,0,1,B,,-,L,04,,H,,-,-,2025
9828119,2,1,N,F,24,A,-,E,M,G,,-,3,-,-,"- ",,,N,-,0,0,D,2022,-,F,26,,H,,-,-,2025
9828143,1,1,Y,F,56,A,-,N,M,Q,Y,-,3,-,,34,21950,A,A,-,0,0,B,2008,-,A,01,,W,,-,-,2025
9828143,2,2,N,F,18,H,H,-,-,-,O,-,3,-,-,"- ",,,N,-,0,1,R,,-,N,60,,W,,-,-,2025
9828145,1,1,Y,F,72,A,-,E,M,G,Y,-,3,-,-,"- ",,,N,-,0,0,B,2023,-,A,01,,W,,-,-,2025
9828145,2,2,N,F,27,A,-,-,-,-,O,-,1,-,-,"- ",,,N,-,0,1,R,,-,N,60,,A,,-,-,2025
9828146,1,1,Y,M,37,A,-,W,M,G,Y,-,3,-,-,"- ",,,N,-,0,0,D,2017,-,A,01,,W,,-,-,2025
9828146,2,2,N,F,46,A,-,S,-,-,O,-,3,-,-,"- ",,,N,-,0,1,R,,-,N,60,,B,,-,-,2025
9828148,1,4,Y,F,51,A,-,E,-,-,,-,3,-,-,"- ",,,N,-,0,1,E,,-,M,91,,H,,-,-,2025
9828148,2,1,N,F,69,A,-,N,M,G,Y,-,3,-,-,"- ",,,N,-,0,0,B,2016,-,A,01,,A,,-,-,2025
9828149,1,1,Y,-,998,G,G,N,B,-,,-,-,-,-,"- ",,,-,-,0,0,E,,-,D,22,,,,-,-,2025
9828149,2,2,N,M,81,A,-,-,-,-,O,-,3,-,-,"- ",,,-,-,0,1,R,,-,N,60,,W,,-,-,2025
9828151,1,1,Y,F,82,A,-,N,M,G,Y,-,3,-,-,"- ",,,A,N,0,0,B,2018,-,A,01,,W,,-,-,2025
9828151,2,2,N,F,48,-,-,-,-,-,O,-,3,-,-,"- ",,,N,-,0,1,R,,-,N,60,,A,,-,-,2025
9828158,1,4,Y,F,27,A,-,E,-,-,Y,-,3,-,-,"- ",,,N,-,0,1,B,,-,L,04,,W,,-,-,2025
9828158,2,1,N,F,27,A,-,E,M,G,,-,2,-,-,"- ",,,N,-,0,0,B,2019,-,A,01,,W,,-,-,2025
9828161,1,1,Y,-,998,G,G,S,-,B,,-,-,-,-,"- ",,,-,-,0,0,E,,-,-,99,,,,-,-,2025
9828161,2,2,N,M,28,A,-,-,-,-,O,-,3,-,-,"- ",,,-,-,0,1,R,,-,N,60,,H,,-,-,2025
9828165,1,1,Y,M,84,G,G,W,M,G,Y,-,3,-,-,"- ",,,N,-,0,0,B,2021,-,A,07,,W,,-,-,2025
9828165,2,2,N,F,38,G,G,N,-,-,O,-,3,-,-,"- ",,,N,-,0,1,B,,-,N,60,,O,,-,-,2025
9828165,3,2,N,F,9,G,G,N,-,-,O,-,3,-,-,"- ",,,N,-,0,1,B,,-,N,60,,O,,-,-,2025
9828170,1,1,Y,-,998,D,-,-,-,B,,-,3,-,-,"- ",,,-,-,0,0,G,,-,-,99,,,,-,-,2025
9828170,2,4,N,M,17,A,-,S,-,-,O,-,3,-,-,"- ",,,-,-,0,1,B,,-,M,91,,O,,-,-,2025
9828171,1,1,Y,F,71,A,-,W,M,G,Y,-,3,-,-,"- ",,,-,-,0,0,B,2022,-,A,07,,W,,-,-,2025
9828171,2,4,N,M,28,A,-,N,-,-,O,-,3,-,-,"- ",,,-,-,0,1,B,,-,L,04,,H,,-,-,2025
9828308,1,4,Y,F,22,A,-,W,-,-,,-,3,-,-,"- ",,,-,-,0,1,B,,-,L,04,,A,,-,-,2025
9828308,2,1,N,M,53,A,-,S,M,G,Y,-,3,-,-,"- ",,,N,-,0,0,B,2024,-,A,01,,O,,-,-,2025
9828309,1,4,Y,M,16,G,G,-,-,-,,-,3,-,-,"- ",,,N,-,0,1,B,,-,L,04,,W,,-,-,2025
9828309,2,1,N,-,30,A,-,E,M,G,Y,-,3,-,-,"- ",,,N,-,0,0,B,2023,-,A,01,,O,,-,-,2025
9829915,1,4,Y,M,10,A,-,W,-,-,N,-,3,-,,25,22350,,A,-,0,1,B,,-,L,04,,W,,-,-,2025
9829915,2,1,N,M,74,A,-,W,M,G,Y,-,3,-,-,"- ",,,-,-,0,0,B,2010,FORD,A,01,,W,,-,-,2025
9831010,1,1,Y,F,45,A,-,S,M,G,Y,-,3,-,,53,22106,,A,-,0,0,G,2021,-,A,01,,W,,-,-,2025
9831010,2,4,N,F,34,C,-,W,-,-,,-,3,-,-,"- ",,,N,-,0,1,-,,-,L,04,,W,,-,-,2025
9866425,1,2,Y,M,21,A,-,-,-,-,O,-,3,-,-,"- ",,,-,-,0,1,R,,-,N,60,,H,,-,-,2025
9866425,2,1,N,M,20,A,-,N,B,-,Y,-,3,-,-,"- ",,,-,-,0,0,B,2014,-,A,01,,O,,-,-,2025
9866453,1,4,Y,M,34,G,G,E,-,-,O,-,3,-,-,"- ",,,-,-,0,1,B,,-,L,04,,B,,-,-,2025
9866453,2,1,N,-,998,G,G,N,B,-,,-,3,-,-,"- ",,,-,-,0,0,E,,-,A,01,,,,-,-,2025
9866457,1,1,Y,M,29,G,G,N,B,-,,-,3,-,-,"- ",,,N,-,0,0,D,2022,-,A,01,,B,,-,-,2025
9866457,2,2,N,M,43,A,-,-,-,-,O,-,3,-,-,"- ",,,-,-,0,1,R,,-,N,60,,W,,-,-,2025
9866457,3,2,N,F,5,A,-,-,-,-,O,-,3,-,-,"- ",,,-,-,0,0,R,,-,N,60,,W,,-,-,2025
9866852,1,1,Y,F,87,A,-,N,M,G,,-,3,-,-,"- ",,,N,-,0,0,E,2023,-,A,01,,W,,-,-,2025
9866852,2,2,N,F,66,A,-,S,-,-,O,-,3,-,-,"- ",,,N,-,1,0,B,,-,N,60,,W,,-,-,2025
9868527,1,4,Y,M,52,A,-,N,-,-,,-,3,-,-,"- ",,,-,-,0,1,B,,-,L,04,,W,,-,-,2025
9868527,2,1,N,M,22,A,-,E,M,H,,-,3,-,-,"- ",,,-,-,0,0,B,2005,-,A,01,,H,,-,-,2025
9868529,1,2,Y,M,23,A,-,S,-,-,O,-,3,-,-,"- ",,,-,-,0,1,B,,-,N,60,,O,,-,-,2025
9868529,2,1,N,F,72,A,-,E,M,G,Y,-,3,-,-,"- ",,,N,-,0,0,B,2019,-,A,01,,W,,-,-,2025
9869779,1,4,Y,M,998,G,G,E,-,-,,-,-,-,-,"- ",,,M,-,0,0,B,,-,L,04,,O,,-,-,2025
9869779,2,2,N,F,53,A,-,S,-,-,O,-,3,-,-,"- ",,,N,-,0,1,B,,-,N,60,,W,,-,-,2025
9870459,1,2,Y,M,30,A,-,S,-,-,O,-,3,-,,35,21954,A,A,J,0,1,A,,-,N,60,,A,,-,-,2025
9870459,2,1,N,-,998,-,-,E,B,-,,-,-,-,-,"- ",,,-,-,0,0,-,,-,A,01,,,,-,-,2025
9870460,1,4,Y,M,55,G,G,N,-,-,O,-,3,-,,24,22450,A,A,-,0,1,B,,-,L,04,,W,,-,-,2025
9870460,2,1,N,F,60,A,-,W,M,G,Y,-,3,-,-,"- ",,,N,-,0,0,B,2019,-,A,01,,W,,-,-,2025
9875028,1,1,Y,-,998,G,G,N,B,-,,-,-,-,,25,22350,,A,-,0,0,B,2020,-,A,01,,,,-,-,2025
9875028,2,2,N,F,20,-,-,-,-,-,O,-,3,-,-,"- ",,,N,-,0,1,R,,-,N,60,,B,,-,-,2025
9875036,1,4,Y,M,44,G,G,N,-,-,,-,3,-,-,"- ",,,N,-,0,1,B,,-,L,04,,B,,-,-,2025
9875036,2,1,N,M,70,A,-,E,M,B,Y,-,3,-,-,"- ",,,N,-,0,0,B,2013,-,A,01,,A,,-,-,2025
9875037,1,1,Y,M,22,A,-,W,M,G,Y,-,3,-,-,"- ",,,N,-,0,0,E,2006,-,A,01,,H,,-,-,2025